Season,Var.1,Var.2,Var.3,Var.4,Var.5,Var.6,Var.7,Var.8,Var.9,Var.10,Var.11,Var.12,Var.13,Var.14,Var.15,Var.16,Var.17,Var.18,Offense.Four.Factors,Offense.Four.Factors.1,Offense.Four.Factors.2,Offense.Four.Factors.3,Var.23,Defense.Four.Factors,Defense.Four.Factors.1,Defense.Four.Factors.2,Defense.Four.Factors.3,Var.28,Var.29,Var.30,Var.31
1,Rk,Team,Age,W,L,PW,PL,MOV,SOS,SRS,ORtg,DRtg,NRtg,Pace,FTr,3PAr,TS%,NA,eFG%,TOV%,ORB%,FT/FGA,NA,eFG%,TOV%,DRB%,FT/FGA,NA,Arena,Attend.,Attend./G
1,1,Miami Heat*,29.0,58,24,61,21,7.46,-0.71,6.76,111.7,103.5,+8.2,90.9,.363,.235,.573,NA,.524,13.5,25.2,.279,NA,.475,12.6,75.5,.223,NA,AmericanAirlines Arena,"810,930","19,779"
1,2,Chicago Bulls*,26.4,62,20,61,21,7.32,-0.79,6.53,108.3,100.3,+8.0,90.4,.305,.215,.541,NA,.501,13.5,29.4,.227,NA,.463,13.6,76.2,.222,NA,United Center,"893,462","21,792"
1,3,Los Angeles Lakers*,30.2,57,25,58,24,6.11,-0.10,6.01,111.0,104.3,+6.7,90.7,.293,.220,.545,NA,.502,12.3,29.2,.228,NA,.477,12.8,72.3,.181,NA,STAPLES Center,"778,877","18,997"
1,4,San Antonio Spurs*,28.8,61,21,56,26,5.71,0.16,5.86,111.8,105.6,+6.2,92.3,.299,.261,.567,NA,.527,12.8,24.9,.229,NA,.491,12.6,74.6,.190,NA,AT&T Center,"750,879","18,314"
1,5,Boston Celtics*,29.5,56,26,57,25,5.37,-0.54,4.83,106.2,100.3,+5.9,90.4,.305,.180,.561,NA,.519,14.5,21.1,.235,NA,.469,14.8,74.7,.235,NA,TD Garden,"763,584","18,624"
1,6,Orlando Magic*,27.6,52,30,56,26,5.46,-0.54,4.92,107.9,102.0,+5.9,91.2,.328,.328,.554,NA,.521,14.3,26.1,.227,NA,.475,13.3,76.9,.219,NA,Amway Center,"777,852","18,972"
1,7,Denver Nuggets*,27.3,50,32,54,28,4.76,0.05,4.81,112.3,107.3,+5.0,95.6,.367,.258,.574,NA,.526,13.1,23.9,.281,NA,.500,12.7,75.4,.224,NA,Pepsi Center,"696,568","16,989"
1,8,Dallas Mavericks*,30.9,57,25,53,29,4.23,0.18,4.41,109.7,105.0,+4.7,91.3,.286,.274,.565,NA,.525,13.6,24.1,.222,NA,.488,13.0,74.8,.206,NA,American Airlines Center,"824,162","20,102"
1,9,Oklahoma City Thunder*,23.7,55,27,51,31,3.79,0.02,3.81,111.2,107.2,+4.0,92.7,.363,.212,.561,NA,.501,13.1,27.4,.299,NA,.493,12.9,73.6,.228,NA,Chesapeake Energy Arena,"744,068","18,148"
1,10,Memphis Grizzlies*,25.2,46,36,48,34,2.34,0.20,2.55,107.6,105.1,+2.5,91.9,.291,.136,.534,NA,.493,13.0,28.9,.218,NA,.502,15.7,72.5,.228,NA,FedEx Forum,"600,687","14,651"
1,11,Houston Rockets,26.5,43,39,47,35,2.18,0.19,2.37,111.3,109.0,+2.3,94.2,.299,.264,.550,NA,.503,12.3,27.4,.239,NA,.500,12.6,72.7,.219,NA,Toyota Center,"663,839","16,191"
1,12,Portland Trail Blazers*,26.7,48,34,46,36,1.52,0.32,1.85,108.8,107.1,+1.7,87.9,.278,.228,.533,NA,.486,12.6,29.5,.224,NA,.510,15.4,72.0,.231,NA,Rose Garden Arena,"840,924","20,510"
1,13,Philadelphia 76ers*,24.7,41,41,45,37,1.50,-0.50,1.01,106.6,105.0,+1.6,91.7,.273,.184,.535,NA,.494,12.3,24.6,.210,NA,.487,13.5,74.5,.231,NA,Wells Fargo Center,"604,823","14,752"
1,14,New Orleans Hornets*,26.3,46,36,44,38,0.89,0.39,1.28,106.2,105.2,+1.0,88.7,.296,.192,.537,NA,.493,12.8,25.1,.226,NA,.501,14.4,76.2,.220,NA,New Orleans Arena,"603,088","14,709"
1,15,New York Knicks*,25.3,42,40,43,39,0.78,-0.30,0.48,110.9,110.1,+0.8,95.6,.304,.303,.561,NA,.513,12.6,24.2,.246,NA,.511,13.8,71.9,.240,NA,Madison Square Garden (IV),"808,879","19,729"
1,16,Milwaukee Bucks,26.7,35,47,38,44,-0.84,-0.17,-1.02,101.6,102.5,-0.9,89.8,.287,.216,.511,NA,.467,13.0,24.7,.217,NA,.481,14.7,74.8,.236,NA,Bradley Center,"631,912","15,412"
1,17,Phoenix Suns,29.6,40,42,39,43,-0.89,0.43,-0.46,109.5,110.4,-0.9,94.4,.283,.271,.559,NA,.522,13.2,23.7,.215,NA,.513,13.1,71.6,.211,NA,US Airways Center,"720,249","17,567"
1,18,Atlanta Hawks*,27.4,44,38,39,43,-0.82,-0.28,-1.10,106.1,107.0,-0.9,89.3,.269,.222,.542,NA,.501,13.5,23.4,.209,NA,.495,12.3,74.6,.211,NA,Philips Arena,"641,596","15,649"
1,19,Indiana Pacers*,25.9,37,45,38,44,-1.07,-0.30,-1.38,104.8,106.0,-1.2,94.7,.300,.244,.533,NA,.486,14.1,25.9,.235,NA,.487,12.8,74.1,.237,NA,Conseco Fieldhouse,"555,077","13,538"
1,20,Utah Jazz,26.8,39,43,36,46,-1.83,0.39,-1.44,108.1,110.1,-2.0,91.0,.313,.191,.544,NA,.498,13.5,27.0,.241,NA,.505,13.8,71.7,.275,NA,EnergySolutions Arena,"799,982","19,512"
1,21,Golden State Warriors,25.2,36,46,35,47,-2.33,0.33,-2.00,108.2,110.7,-2.5,94.8,.241,.248,.544,NA,.510,13.3,26.7,.183,NA,.509,14.5,69.3,.259,NA,Oracle Arena,"766,398","18,693"
1,22,Los Angeles Clippers,24.6,32,50,32,50,-3.13,0.42,-2.71,105.3,108.7,-3.4,92.8,.332,.230,.535,NA,.496,15.1,28.4,.234,NA,.499,12.8,73.2,.250,NA,STAPLES Center,"727,462","17,743"
1,23,Detroit Pistons,27.2,30,52,31,51,-3.60,-0.18,-3.78,107.7,111.7,-4.0,89.2,.279,.189,.533,NA,.495,12.5,27.4,.206,NA,.526,13.8,72.1,.235,NA,The Palace of Auburn Hills,"683,080","16,660"
1,24,Charlotte Bobcats,26.9,34,48,29,53,-4.00,-0.08,-4.08,103.4,107.8,-4.4,89.6,.314,.189,.528,NA,.482,14.1,25.7,.237,NA,.500,12.9,75.2,.229,NA,Time Warner Cable Arena,"649,694","15,846"
1,25,Sacramento Kings,24.8,24,58,27,55,-5.34,0.54,-4.80,103.5,109.0,-5.5,95.2,.284,.183,.519,NA,.480,14.4,29.9,.208,NA,.513,13.5,74.4,.233,NA,Power Balance Pavilion,"569,496","13,890"
1,26,New Jersey Nets,24.8,24,58,24,58,-6.24,-0.04,-6.28,103.1,109.9,-6.8,89.9,.283,.201,.517,NA,.474,13.4,26.1,.215,NA,.503,11.8,74.2,.241,NA,Prudential Center,"581,378","13,949"
1,27,Toronto Raptors,24.5,22,60,24,58,-6.28,0.01,-6.28,106.1,112.9,-6.8,92.9,.293,.162,.533,NA,.491,13.7,28.2,.221,NA,.522,13.0,72.0,.251,NA,Air Canada Centre,"680,255","16,592"
1,28,Minnesota Timberwolves,23.8,17,65,24,58,-6.63,0.67,-5.97,104.2,111.1,-6.9,96.5,.282,.223,.526,NA,.483,15.1,29.6,.217,NA,.514,13.1,73.7,.251,NA,Target Center,"624,960","15,243"
1,29,Washington Wizards,24.9,23,59,22,60,-7.40,0.11,-7.30,102.4,110.2,-7.8,93.8,.290,.172,.513,NA,.471,13.9,28.0,.216,NA,.512,14.4,70.5,.249,NA,Verizon Center,"688,466","16,792"
1,30,Cleveland Cavaliers,26.6,19,63,18,64,-9.01,0.14,-8.88,102.2,111.8,-9.6,93.0,.312,.224,.518,NA,.472,13.4,24.2,.233,NA,.524,12.7,73.3,.211,NA,Quicken Loans Arena,"824,595","20,112"
1,,League Average,26.7,,,41,41,0.00,0.00,0.00,107.3,107.3,,92.1,.300,.222,.541,NA,.498,13.4,26.4,.229,NA,.498,13.4,73.6,.229,NA,,"710,241","17,321"
2,Rk,Team,Age,W,L,PW,PL,MOV,SOS,SRS,ORtg,DRtg,NRtg,Pace,FTr,3PAr,TS%,NA,eFG%,TOV%,ORB%,FT/FGA,NA,eFG%,TOV%,DRB%,FT/FGA,NA,Arena,Attend.,Attend./G
2,1,Chicago Bulls*,27.1,50,16,51,15,8.18,-0.76,7.43,107.4,98.3,+9.1,89.1,.255,.205,.523,NA,.490,13.2,32.6,.184,NA,.450,12.8,74.3,.175,NA,United Center,"731,326","22,161"
2,2,San Antonio Spurs*,27.5,50,16,48,18,7.17,0.11,7.28,110.9,103.2,+7.7,92.9,.261,.257,.562,NA,.528,12.8,25.1,.195,NA,.489,12.9,76.0,.168,NA,AT&T Center,"607,095","18,397"
2,3,Oklahoma City Thunder*,25.1,47,19,46,20,6.12,0.32,6.44,109.8,103.2,+6.6,93.0,.334,.252,.567,NA,.516,15.3,27.8,.269,NA,.465,13.0,72.1,.207,NA,Chesapeake Energy Arena,"600,699","18,203"
2,4,Miami Heat*,28.3,46,20,47,19,5.98,-0.27,5.72,106.6,100.2,+6.4,91.2,.307,.198,.549,NA,.505,14.5,26.6,.238,NA,.479,15.8,73.9,.200,NA,AmericanAirlines Arena,"657,855","19,935"
2,5,Philadelphia 76ers*,24.9,35,31,43,23,4.24,-0.65,3.59,103.9,99.2,+4.7,89.7,.217,.175,.511,NA,.480,10.9,24.4,.161,NA,.460,13.5,75.2,.192,NA,Wells Fargo Center,"577,597","17,503"
2,6,Atlanta Hawks*,27.9,40,26,41,25,3.44,-0.77,2.67,104.9,101.2,+3.7,90.2,.259,.249,.535,NA,.500,13.4,23.9,.192,NA,.480,14.4,74.4,.186,NA,Philips Arena,"501,593","15,200"
2,7,Indiana Pacers*,26.3,42,24,41,25,3.30,-0.71,2.60,106.7,103.1,+3.6,90.7,.321,.198,.526,NA,.474,13.1,29.2,.251,NA,.476,14.1,72.3,.222,NA,Bankers Life Fieldhouse,"467,561","14,169"
2,8,New York Knicks*,26.3,36,30,41,25,3.20,-0.81,2.39,104.4,101.0,+3.4,93.2,.306,.288,.533,NA,.492,14.9,26.6,.227,NA,.485,15.9,73.7,.224,NA,Madison Square Garden (IV),"652,179","19,763"
2,9,Denver Nuggets*,26.6,38,28,39,27,2.88,0.29,3.16,109.2,106.2,+3.0,94.2,.326,.243,.556,NA,.516,14.1,27.7,.239,NA,.508,14.3,74.3,.185,NA,Pepsi Center,"561,966","17,029"
2,10,Boston Celtics*,29.3,39,27,39,27,2.52,-0.26,2.26,101.0,98.2,+2.8,90.4,.257,.194,.535,NA,.496,14.7,19.7,.200,NA,.452,14.9,72.4,.216,NA,TD Garden,"614,592","18,624"
2,11,Los Angeles Clippers*,27.3,40,26,39,27,2.56,0.26,2.82,108.5,105.7,+2.8,89.2,.287,.269,.533,NA,.502,12.7,29.5,.195,NA,.492,14.2,73.2,.245,NA,STAPLES Center,"634,237","19,219"
2,12,Memphis Grizzlies*,25.6,41,25,38,28,2.02,0.42,2.43,104.0,101.8,+2.2,90.8,.277,.157,.515,NA,.473,13.6,29.8,.211,NA,.485,16.3,72.7,.227,NA,FedEx Forum,"518,446","15,710"
2,13,Los Angeles Lakers*,29.7,41,25,36,30,1.42,0.54,1.96,106.0,104.4,+1.6,90.5,.299,.209,.534,NA,.491,14.2,29.1,.226,NA,.476,10.7,74.8,.158,NA,STAPLES Center,"626,901","18,997"
2,14,Dallas Mavericks*,31.3,36,30,35,31,0.95,0.83,1.78,103.3,102.3,+1.0,91.4,.246,.271,.527,NA,.489,13.4,23.4,.190,NA,.479,13.9,74.8,.203,NA,American Airlines Center,"671,050","20,335"
2,15,Orlando Magic*,27.5,37,29,35,31,0.79,-0.33,0.46,105.0,104.1,+0.9,89.0,.292,.346,.533,NA,.506,14.5,26.5,.193,NA,.488,12.9,75.5,.190,NA,Amway Center,"623,587","18,897"
2,16,Utah Jazz*,25.6,36,30,34,32,0.62,0.30,0.92,106.8,106.1,+0.7,91.4,.302,.153,.525,NA,.481,13.0,30.2,.227,NA,.493,13.8,73.8,.245,NA,EnergySolutions Arena,"637,124","19,307"
2,17,Milwaukee Bucks,26.2,31,35,34,32,0.27,-0.50,-0.23,105.5,105.2,+0.3,93.7,.250,.224,.521,NA,.481,12.9,27.7,.194,NA,.489,14.6,70.9,.217,NA,Bradley Center,"485,717","14,719"
2,18,Houston Rockets,26.2,34,32,34,32,0.23,0.35,0.57,105.5,105.2,+0.3,91.7,.235,.240,.529,NA,.492,13.5,27.5,.184,NA,.490,13.8,73.4,.210,NA,Toyota Center,"506,994","15,363"
2,19,Phoenix Suns,28.9,33,33,32,34,-0.24,0.53,0.29,106.2,106.5,-0.3,92.6,.257,.238,.536,NA,.499,13.3,25.8,.194,NA,.491,13.1,71.7,.200,NA,US Airways Center,"514,718","15,598"
2,20,Portland Trail Blazers,27.5,28,38,32,34,-0.62,0.41,-0.22,105.7,106.4,-0.7,91.2,.263,.255,.531,NA,.488,13.4,26.3,.209,NA,.504,14.1,72.8,.199,NA,Rose Garden Arena,"676,384","20,496"
2,21,Minnesota Timberwolves,24.4,26,40,28,38,-2.20,0.37,-1.83,104.3,106.6,-2.3,93.3,.306,.262,.524,NA,.477,14.0,27.5,.236,NA,.491,12.2,73.0,.187,NA,Target Center,"577,197","17,491"
2,22,Golden State Warriors,25.3,23,43,25,41,-3.41,0.62,-2.79,105.4,109.1,-3.7,92.3,.227,.248,.539,NA,.505,13.3,22.9,.175,NA,.496,13.6,69.1,.237,NA,Oracle Arena,"622,311","18,858"
2,23,Toronto Raptors,25.7,23,43,25,41,-3.30,-0.36,-3.67,100.8,104.5,-3.7,89.3,.274,.209,.518,NA,.475,14.8,25.9,.211,NA,.475,12.8,75.4,.260,NA,Air Canada Centre,"555,584","16,836"
2,24,New Orleans Hornets,25.5,21,45,24,42,-3.76,0.65,-3.11,100.9,105.1,-4.2,88.3,.274,.152,.517,NA,.476,15.2,27.5,.207,NA,.485,13.5,73.1,.218,NA,New Orleans Arena,"498,618","15,110"
2,25,Washington Wizards,24.2,20,46,22,44,-4.80,-0.34,-5.14,101.0,106.2,-5.2,92.5,.253,.196,.508,NA,.472,14.2,27.3,.184,NA,.492,14.2,70.9,.229,NA,Verizon Center,"552,038","16,728"
2,26,Detroit Pistons,26.3,25,41,22,44,-4.79,-0.40,-5.19,101.0,106.3,-5.3,89.2,.279,.175,.510,NA,.468,15.0,28.1,.210,NA,.500,14.2,72.8,.226,NA,The Palace of Auburn Hills,"475,638","14,413"
2,27,Sacramento Kings,24.3,22,44,21,45,-5.68,0.73,-4.95,103.8,109.8,-6.0,94.7,.268,.228,.510,NA,.472,13.0,29.1,.197,NA,.515,13.9,70.5,.199,NA,Power Balance Pavilion,"478,764","14,508"
2,28,New Jersey Nets,26.1,22,44,19,47,-5.98,-0.39,-6.37,102.9,109.6,-6.7,90.1,.269,.278,.516,NA,.473,14.3,27.8,.209,NA,.513,13.7,70.7,.209,NA,Prudential Center,"460,719","13,961"
2,29,Cleveland Cavaliers,26.0,21,45,17,49,-7.20,-0.14,-7.34,101.1,108.9,-7.8,91.3,.307,.238,.505,NA,.463,14.3,28.9,.220,NA,.508,13.1,72.2,.202,NA,Quicken Loans Arena,"525,577","15,927"
2,30,Charlotte Bobcats,24.5,7,59,7,59,-13.91,-0.05,-13.96,95.2,110.4,-15.2,91.1,.276,.169,.483,NA,.439,13.9,23.6,.206,NA,.512,12.8,70.9,.206,NA,Time Warner Cable Arena,"486,984","14,757"
2,,League Average,26.7,,,33,33,0.00,0.00,0.00,104.6,104.6,,91.3,.276,.226,.527,NA,.487,13.8,27.0,.208,NA,.487,13.8,73.0,.208,NA,,"570,035","17,274"
3,Rk,Team,Age,W,L,PW,PL,MOV,SOS,SRS,ORtg,DRtg,NRtg,Pace,FTr,3PAr,TS%,NA,eFG%,TOV%,ORB%,FT/FGA,NA,eFG%,TOV%,DRB%,FT/FGA,NA,Arena,Attend.,Attend./G
3,1,Oklahoma City Thunder*,26.0,60,22,64,18,9.21,-0.06,9.15,112.4,102.6,+9.8,93.3,.338,.244,.580,NA,.527,14.4,26.7,.280,NA,.469,13.5,73.4,.197,NA,Chesapeake Energy Arena,"746,323","18,203"
3,2,Miami Heat*,30.3,66,16,62,20,7.87,-0.84,7.03,112.3,103.7,+8.6,90.7,.297,.285,.588,NA,.552,13.7,22.2,.224,NA,.487,14.8,73.0,.200,NA,AmericanAirlines Arena,"819,290","19,983"
3,3,Los Angeles Clippers*,28.8,56,26,59,23,6.45,-0.02,6.43,110.6,103.6,+7.0,91.1,.286,.265,.557,NA,.526,13.9,28.8,.203,NA,.492,15.4,73.5,.229,NA,STAPLES Center,"788,293","19,227"
3,4,San Antonio Spurs*,28.6,58,24,58,24,6.40,0.27,6.67,108.3,101.6,+6.7,94.2,.258,.264,.568,NA,.531,14.0,20.5,.204,NA,.480,13.7,74.9,.179,NA,AT&T Center,"755,700","18,432"
3,5,Denver Nuggets*,26.1,57,25,55,27,5.09,0.28,5.37,110.4,105.1,+5.3,95.1,.308,.217,.549,NA,.515,13.6,31.4,.216,NA,.493,14.3,71.8,.193,NA,Pepsi Center,"730,616","17,820"
3,6,New York Knicks*,30.2,54,28,53,29,4.23,-0.50,3.73,111.1,106.3,+4.8,89.8,.258,.354,.550,NA,.515,11.7,25.6,.196,NA,.508,14.8,74.7,.216,NA,Madison Square Garden (IV),"780,353","19,033"
3,7,Memphis Grizzlies*,27.0,56,26,54,28,4.15,0.18,4.32,104.9,100.3,+4.6,88.4,.261,.166,.514,NA,.472,13.3,31.0,.202,NA,.475,15.2,74.3,.209,NA,FedEx Forum,"681,613","16,625"
3,8,Indiana Pacers*,25.7,49,32,52,29,4.02,-0.69,3.34,104.3,99.8,+4.5,90.2,.293,.245,.521,NA,.479,14.3,30.3,.219,NA,.453,12.9,74.6,.197,NA,Bankers Life Fieldhouse,"626,069","15,270"
3,9,Houston Rockets*,24.4,45,37,50,32,3.48,0.22,3.69,109.7,106.1,+3.6,96.1,.308,.349,.564,NA,.525,14.9,26.4,.232,NA,.502,13.5,75.2,.196,NA,Toyota Center,"683,564","16,672"
3,10,Brooklyn Nets*,28.6,49,33,46,36,1.78,-0.53,1.25,108.2,106.2,+2.0,88.8,.299,.269,.536,NA,.498,14.0,30.9,.219,NA,.503,13.1,73.7,.174,NA,Barclays Center,"704,702","17,188"
3,11,Los Angeles Lakers*,30.7,45,37,44,38,1.16,0.32,1.48,107.8,106.6,+1.2,94.4,.345,.303,.548,NA,.512,13.9,27.0,.239,NA,.496,11.9,74.3,.163,NA,STAPLES Center,"778,877","18,997"
3,12,Golden State Warriors*,25.3,47,35,44,38,0.89,0.42,1.32,106.4,105.5,+0.9,94.5,.255,.239,.545,NA,.506,14.0,25.4,.201,NA,.486,12.4,75.5,.211,NA,Oracle Arena,"794,320","19,374"
3,13,Atlanta Hawks*,27.1,44,38,42,40,0.40,-0.48,-0.08,104.8,104.4,+0.4,92.6,.244,.286,.546,NA,.517,14.2,22.2,.174,NA,.496,14.2,73.6,.181,NA,Philips Arena,"620,146","15,126"
3,14,Chicago Bulls*,28.0,45,37,42,40,0.32,-0.33,-0.02,103.5,103.2,+0.3,89.3,.259,.189,.512,NA,.470,13.6,29.4,.201,NA,.477,13.2,73.6,.206,NA,United Center,"896,944","21,877"
3,15,Utah Jazz,26.3,43,39,41,41,-0.09,0.38,0.30,106.7,106.8,-0.1,90.9,.281,.206,.533,NA,.492,13.8,28.8,.214,NA,.501,14.0,73.2,.226,NA,EnergySolutions Arena,"763,915","18,632"
3,16,Boston Celtics*,29.1,41,40,40,41,-0.22,-0.40,-0.62,103.1,103.3,-0.2,91.7,.263,.215,.542,NA,.503,14.1,20.1,.204,NA,.482,14.2,73.3,.216,NA,TD Garden,"744,960","18,624"
3,17,Dallas Mavericks,29.5,41,41,39,43,-0.60,0.36,-0.24,105.9,106.5,-0.6,94.1,.242,.236,.544,NA,.506,13.0,21.8,.192,NA,.492,13.3,73.1,.227,NA,American Airlines Center,"821,490","20,036"
3,18,Milwaukee Bucks*,26.4,38,44,37,45,-1.50,-0.33,-1.83,103.6,105.2,-1.6,94.7,.236,.232,.510,NA,.476,12.7,27.9,.174,NA,.492,14.4,71.3,.201,NA,BMO Harris Bradley Center,"616,469","15,036"
3,19,Toronto Raptors,25.4,34,48,37,45,-1.48,-0.48,-1.96,105.9,107.5,-1.6,90.4,.274,.249,.532,NA,.488,13.0,25.5,.216,NA,.500,13.6,73.4,.247,NA,Air Canada Centre,"743,936","18,145"
3,20,Minnesota Timberwolves,26.4,31,51,34,48,-2.37,0.54,-1.83,102.9,105.4,-2.5,92.8,.305,.220,.516,NA,.473,13.8,27.4,.226,NA,.511,15.0,74.0,.187,NA,Target Center,"669,956","16,340"
3,21,Washington Wizards,25.4,29,53,33,49,-2.54,-0.25,-2.78,100.2,103.0,-2.8,92.2,.261,.223,.512,NA,.475,14.2,24.6,.191,NA,.483,13.7,74.6,.206,NA,Verizon Center,"670,070","16,343"
3,22,Portland Trail Blazers,24.4,33,49,32,50,-3.17,0.65,-2.53,105.8,109.2,-3.4,91.4,.250,.284,.536,NA,.498,13.9,25.3,.194,NA,.512,12.5,73.3,.189,NA,Rose Garden Arena,"813,012","19,830"
3,23,Philadelphia 76ers,25.2,34,48,31,51,-3.34,-0.17,-3.51,102.0,105.7,-3.7,91.0,.200,.209,.509,NA,.481,12.5,24.9,.146,NA,.495,13.7,73.4,.200,NA,Wells Fargo Center,"685,412","16,717"
3,24,Detroit Pistons,25.3,29,53,29,53,-3.99,-0.34,-4.33,103.8,108.1,-4.3,90.8,.282,.217,.521,NA,.487,14.3,28.3,.197,NA,.505,13.1,73.0,.209,NA,The Palace of Auburn Hills,"606,094","14,685"
3,25,New Orleans Hornets,24.0,27,55,30,52,-3.87,0.75,-3.12,105.7,110.1,-4.4,88.5,.248,.224,.528,NA,.489,14.0,29.2,.193,NA,.520,13.1,74.4,.208,NA,New Orleans Arena,"565,930","13,803"
3,26,Cleveland Cavaliers,24.1,24,58,28,54,-4.68,-0.19,-4.87,104.3,109.4,-5.1,92.3,.265,.229,.514,NA,.473,13.0,28.1,.200,NA,.523,14.4,72.6,.225,NA,Quicken Loans Arena,"663,882","16,192"
3,27,Sacramento Kings,25.6,28,54,28,54,-4.88,0.62,-4.26,106.2,111.4,-5.2,93.6,.271,.243,.532,NA,.491,13.4,26.6,.208,NA,.517,13.6,71.0,.227,NA,Sleep Train Arena,"563,743","13,750"
3,28,Phoenix Suns,26.9,25,57,23,59,-6.46,0.71,-5.75,101.2,108.1,-6.9,93.4,.234,.210,.512,NA,.477,14.3,27.0,.174,NA,.512,14.2,71.9,.208,NA,US Airways Center,"632,913","15,437"
3,29,Orlando Magic,24.6,20,62,22,60,-6.99,-0.14,-7.12,101.6,109.1,-7.5,92.2,.197,.223,.514,NA,.485,13.7,25.4,.149,NA,.508,11.8,74.6,.195,NA,Amway Center,"722,716","17,627"
3,30,Charlotte Bobcats,24.4,21,61,17,65,-9.23,-0.06,-9.29,101.5,111.5,-10.0,91.5,.310,.210,.507,NA,.460,13.2,25.7,.233,NA,.524,13.2,71.1,.197,NA,Time Warner Cable Arena,"628,293","15,324"
3,,League Average,26.7,,,41,41,0.00,0.00,0.00,105.9,105.9,,92.0,.270,.243,.535,NA,.496,13.7,26.5,.204,NA,.496,13.7,73.5,.204,NA,,"710,653","17,346"
4,Rk,Team,Age,W,L,PW,PL,MOV,SOS,SRS,ORtg,DRtg,NRtg,Pace,FTr,3PAr,TS%,NA,eFG%,TOV%,ORB%,FT/FGA,NA,eFG%,TOV%,DRB%,FT/FGA,NA,Arena,Attend.,Attend./G
4,1,San Antonio Spurs*,28.9,62,20,61,21,7.72,0.28,8.00,110.5,102.4,+8.1,95.0,.240,.257,.571,NA,.537,13.5,22.7,.188,NA,.482,12.8,76.4,.184,NA,AT&T Center,"755,031","18,415"
4,2,Los Angeles Clippers*,28.1,57,25,59,23,6.98,0.30,7.27,112.1,104.8,+7.3,95.9,.353,.291,.567,NA,.526,12.7,25.0,.258,NA,.484,13.8,72.5,.222,NA,STAPLES Center,"787,692","19,212"
4,3,Oklahoma City Thunder*,26.2,59,23,58,24,6.34,0.32,6.66,110.5,103.9,+6.6,95.4,.303,.271,.566,NA,.520,14.0,26.5,.244,NA,.488,13.9,75.6,.221,NA,Chesapeake Energy Arena,"746,323","18,203"
4,4,Miami Heat*,30.6,54,28,54,28,4.76,-0.61,4.15,110.9,105.8,+5.1,91.2,.300,.292,.590,NA,.554,14.6,20.6,.228,NA,.511,15.8,73.0,.212,NA,AmericanAirlines Arena,"811,036","19,781"
4,5,Golden State Warriors*,26.3,51,31,54,28,4.80,0.34,5.15,107.5,102.6,+4.9,96.2,.247,.291,.550,NA,.517,13.8,25.1,.186,NA,.477,13.6,76.3,.224,NA,Oracle Arena,"803,436","19,596"
4,6,Indiana Pacers*,27.2,56,26,54,28,4.40,-0.77,3.63,104.1,99.3,+4.8,92.5,.290,.235,.535,NA,.490,14.3,24.9,.226,NA,.460,12.9,76.8,.197,NA,Bankers Life Fieldhouse,"717,542","17,501"
4,7,Houston Rockets*,25.4,54,28,53,29,4.56,0.50,5.06,111.0,106.3,+4.7,96.3,.386,.330,.571,NA,.531,14.6,27.4,.275,NA,.489,12.5,74.1,.193,NA,Toyota Center,"743,082","18,124"
4,8,Portland Trail Blazers*,25.8,54,28,52,30,3.99,0.45,4.44,111.5,107.4,+4.1,94.9,.270,.290,.548,NA,.504,12.4,28.0,.220,NA,.488,11.0,74.7,.194,NA,Moda Center,"809,612","19,747"
4,9,Toronto Raptors*,25.6,48,34,50,32,3.24,-0.69,2.55,108.8,105.3,+3.5,91.8,.306,.285,.545,NA,.498,13.2,27.2,.239,NA,.493,14.1,74.9,.237,NA,Air Canada Centre,"748,339","18,252"
4,10,Phoenix Suns,26.2,48,34,48,34,2.63,0.39,3.02,109.5,106.7,+2.8,95.8,.293,.300,.558,NA,.519,14.0,26.4,.222,NA,.496,13.9,73.7,.237,NA,US Airways Center,"650,739","15,872"
4,11,Minnesota Timberwolves,26.3,40,42,48,34,2.67,0.43,3.10,108.9,106.2,+2.7,97.3,.321,.245,.535,NA,.486,12.2,27.4,.249,NA,.518,14.8,74.4,.177,NA,Target Center,"597,157","14,565"
4,12,Dallas Mavericks*,30.6,49,33,48,34,2.40,0.50,2.91,111.2,108.7,+2.5,93.5,.253,.274,.564,NA,.526,12.7,24.6,.201,NA,.515,14.8,72.7,.229,NA,American Airlines Center,"817,982","19,951"
4,13,Chicago Bulls*,28.6,48,34,47,35,1.85,-0.66,1.20,102.5,100.5,+2.0,90.2,.290,.222,.518,NA,.471,14.2,27.2,.226,NA,.471,13.7,75.4,.189,NA,United Center,"890,370","21,716"
4,14,Memphis Grizzlies*,28.5,50,32,46,36,1.57,0.61,2.18,106.3,104.6,+1.7,89.9,.248,.171,.529,NA,.494,13.1,28.3,.184,NA,.497,13.8,75.7,.199,NA,FedEx Forum,"685,458","16,718"
4,15,Washington Wizards*,26.3,44,38,45,37,1.27,-0.79,0.48,106.0,104.6,+1.4,93.2,.248,.246,.538,NA,.506,13.6,25.2,.181,NA,.504,15.0,75.7,.220,NA,Verizon Center,"698,068","17,026"
4,16,Charlotte Bobcats*,25.5,43,39,40,42,-0.22,-0.67,-0.89,103.6,103.8,-0.2,92.4,.297,.219,.522,NA,.481,11.7,21.9,.219,NA,.491,12.6,77.6,.183,NA,Time Warner Cable Arena,"636,268","15,519"
4,17,Atlanta Hawks*,27.5,38,44,40,42,-0.48,-0.40,-0.88,105.9,106.4,-0.5,94.6,.266,.316,.554,NA,.515,14.3,21.0,.208,NA,.510,14.0,74.4,.196,NA,Philips Arena,"587,927","14,231"
4,18,New York Knicks,28.3,37,45,39,43,-0.79,-0.61,-1.40,108.3,109.1,-0.8,90.3,.248,.302,.541,NA,.505,12.5,25.1,.189,NA,.514,14.0,74.3,.245,NA,Madison Square Garden (IV),"812,292","19,812"
4,19,Brooklyn Nets*,30.0,44,38,38,44,-1.00,-0.58,-1.58,106.7,107.7,-1.0,91.4,.313,.301,.555,NA,.514,14.1,21.7,.236,NA,.509,14.9,72.3,.236,NA,Barclays Center,"707,331","17,252"
4,20,Denver Nuggets,26.0,36,46,35,47,-2.15,0.75,-1.40,106.0,108.2,-2.2,98.1,.306,.278,.536,NA,.497,14.0,27.5,.222,NA,.500,12.8,74.5,.233,NA,Pepsi Center,"692,898","16,900"
4,21,New Orleans Pelicans,24.3,34,48,33,49,-2.71,0.73,-1.98,107.2,110.1,-2.9,92.2,.286,.193,.537,NA,.495,12.9,26.9,.220,NA,.515,13.6,73.8,.249,NA,Smoothie King Center,"672,029","16,391"
4,22,Sacramento Kings,24.9,28,54,33,49,-2.90,0.82,-2.08,105.7,108.8,-3.1,94.4,.331,.218,.532,NA,.484,13.9,27.8,.251,NA,.512,12.7,76.6,.234,NA,Sleep Train Arena,"667,949","16,291"
4,23,Cleveland Cavaliers,24.9,33,49,32,50,-3.29,-0.57,-3.86,104.2,107.7,-3.5,93.1,.268,.236,.518,NA,.479,13.0,27.2,.201,NA,.508,13.0,75.8,.199,NA,Quicken Loans Arena,"710,522","17,330"
4,24,Detroit Pistons,24.7,29,53,31,51,-3.66,-0.48,-4.13,105.9,109.7,-3.8,94.9,.296,.222,.514,NA,.482,12.9,31.4,.199,NA,.520,13.8,73.4,.218,NA,The Palace of Auburn Hills,"616,005","15,025"
4,25,Boston Celtics,25.4,25,57,28,54,-4.46,-0.51,-4.97,102.9,107.7,-4.8,93.3,.248,.251,.517,NA,.477,14.2,27.4,.193,NA,.505,13.4,74.2,.227,NA,TD Garden,"742,400","18,107"
4,26,Orlando Magic,24.6,23,59,26,56,-5.44,-0.44,-5.88,101.7,107.4,-5.7,93.6,.253,.235,.525,NA,.487,13.9,22.4,.193,NA,.504,13.0,75.5,.211,NA,Amway Center,"666,046","16,245"
4,27,Los Angeles Lakers,26.8,27,55,25,57,-6.29,0.96,-5.33,104.2,110.6,-6.4,98.7,.263,.291,.542,NA,.505,13.7,20.2,.199,NA,.513,12.4,71.0,.192,NA,STAPLES Center,"771,974","18,829"
4,28,Utah Jazz,24.5,25,57,22,60,-7.17,0.91,-6.27,103.5,111.3,-7.8,91.4,.271,.237,.523,NA,.484,13.9,25.5,.202,NA,.518,12.1,74.5,.227,NA,EnergySolutions Arena,"745,203","18,176"
4,29,Milwaukee Bucks,24.7,15,67,20,62,-8.18,-0.23,-8.41,103.0,111.8,-8.8,91.8,.274,.231,.519,NA,.479,14.1,27.1,.204,NA,.520,13.2,71.4,.225,NA,BMO Harris Bradley Center,"552,067","13,465"
4,30,Philadelphia 76ers,23.4,19,63,16,66,-10.45,-0.21,-10.66,99.4,109.9,-10.5,99.2,.268,.258,.510,NA,.475,14.8,24.8,.190,NA,.524,14.9,72.4,.244,NA,Wells Fargo Center,"568,632","13,869"
4,,League Average,26.6,,,41,41,0.00,0.00,0.00,106.7,106.7,,93.9,.284,.259,.541,NA,.501,13.6,25.5,.215,NA,.501,13.6,74.5,.215,NA,,"713,714","17,407"
5,Rk,Team,Age,W,L,PW,PL,MOV,SOS,SRS,ORtg,DRtg,NRtg,Pace,FTr,3PAr,TS%,NA,eFG%,TOV%,ORB%,FT/FGA,NA,eFG%,TOV%,DRB%,FT/FGA,NA,Arena,Attend.,Attend./G
5,1,Golden State Warriors*,26.6,67,15,65,17,10.10,-0.09,10.01,111.6,101.4,+10.2,98.3,.239,.311,.571,NA,.540,13.1,24.1,.184,NA,.470,14.3,74.5,.217,NA,Oracle Arena,"803,436","19,596"
5,2,Los Angeles Clippers*,28.8,56,26,58,24,6.59,0.22,6.80,112.4,105.5,+6.9,94.7,.303,.322,.565,NA,.533,11.6,22.8,.215,NA,.493,13.2,75.7,.231,NA,STAPLES Center,"785,892","19,168"
5,3,San Antonio Spurs*,29.8,55,27,58,24,6.20,0.14,6.34,108.5,102.0,+6.5,93.8,.256,.269,.555,NA,.517,13.1,23.4,.200,NA,.484,13.3,77.3,.190,NA,AT&T Center,"762,855","18,606"
5,4,Atlanta Hawks*,27.8,60,22,56,26,5.43,-0.68,4.75,108.9,103.1,+5.8,93.9,.259,.321,.563,NA,.527,13.5,21.4,.201,NA,.492,14.9,73.4,.185,NA,Philips Arena,"713,909","17,412"
5,5,Cleveland Cavaliers*,26.9,53,29,53,29,4.48,-0.40,4.08,111.1,106.3,+4.8,92.3,.287,.334,.557,NA,.520,13.4,26.8,.216,NA,.502,12.6,74.7,.177,NA,Quicken Loans Arena,"843,042","20,562"
5,6,Portland Trail Blazers*,27.0,51,31,53,29,4.23,0.18,4.41,108.2,103.7,+4.5,94.2,.225,.316,.544,NA,.508,12.6,24.2,.180,NA,.476,11.3,76.2,.182,NA,Moda Center,"798,368","19,472"
5,7,Houston Rockets*,27.6,56,26,50,32,3.44,0.38,3.82,107.0,103.4,+3.6,96.5,.312,.392,.548,NA,.512,15.0,26.8,.223,NA,.486,14.6,72.9,.208,NA,Toyota Center,"747,412","18,230"
5,8,Memphis Grizzlies*,29.6,55,27,50,32,3.24,0.38,3.62,105.7,102.2,+3.5,92.0,.276,.184,.531,NA,.489,12.6,24.7,.214,NA,.492,14.5,75.3,.183,NA,FedEx Forum,"710,502","17,329"
5,9,Toronto Raptors*,26.1,49,33,49,33,3.07,-0.62,2.45,111.0,107.7,+3.3,92.8,.295,.302,.553,NA,.508,12.0,25.6,.232,NA,.506,13.4,73.3,.208,NA,Air Canada Centre,"809,824","19,752"
5,10,Chicago Bulls*,28.8,50,32,50,32,3.00,-0.46,2.54,107.5,104.3,+3.2,92.8,.304,.269,.536,NA,.489,12.9,27.0,.238,NA,.473,11.3,74.4,.182,NA,United Center,"886,612","21,625"
5,11,Dallas Mavericks*,29.9,50,32,49,33,2.90,0.46,3.36,109.5,106.4,+3.1,95.2,.262,.296,.550,NA,.515,11.9,23.6,.197,NA,.503,14.7,72.2,.204,NA,American Airlines Center,"827,702","20,188"
5,12,Oklahoma City Thunder,25.4,45,37,47,35,2.18,0.28,2.47,107.8,105.5,+2.3,95.7,.284,.262,.532,NA,.492,13.1,28.9,.214,NA,.489,12.4,75.6,.213,NA,Chesapeake Energy Arena,"746,323","18,203"
5,13,New Orleans Pelicans*,25.3,45,37,43,39,0.79,0.34,1.13,108.2,107.3,+0.9,91.4,.263,.233,.537,NA,.501,12.5,27.1,.198,NA,.496,11.7,75.1,.195,NA,Smoothie King Center,"683,757","16,677"
5,14,Washington Wizards*,28.6,46,36,43,39,0.72,-0.55,0.17,103.7,103.0,+0.7,93.7,.259,.203,.534,NA,.499,14.0,24.9,.192,NA,.481,12.9,77.3,.210,NA,Verizon Center,"747,796","18,239"
5,15,Milwaukee Bucks*,24.6,41,41,42,40,0.43,-0.52,-0.09,102.7,102.2,+0.5,94.1,.258,.223,.536,NA,.499,15.5,25.4,.195,NA,.487,15.9,73.3,.221,NA,BMO Harris Bradley Center,"593,910","14,813"
5,16,Indiana Pacers,28.3,38,44,42,40,0.28,-0.51,-0.23,103.5,103.2,+0.3,93.2,.266,.255,.523,NA,.484,13.1,24.0,.201,NA,.478,12.0,77.9,.217,NA,Bankers Life Fieldhouse,"691,434","16,864"
5,17,Utah Jazz,23.4,38,44,42,40,0.22,0.49,0.71,105.1,104.9,+0.2,90.4,.297,.274,.531,NA,.494,14.6,29.1,.214,NA,.491,12.8,76.3,.199,NA,EnergySolutions Arena,"772,059","18,831"
5,18,Boston Celtics*,25.0,40,42,41,41,0.16,-0.56,-0.40,104.7,104.5,+0.2,95.8,.233,.280,.523,NA,.489,12.5,24.7,.176,NA,.494,13.7,75.0,.208,NA,TD Garden,"721,350","17,594"
5,19,Phoenix Suns,25.7,39,43,38,44,-0.90,0.52,-0.38,105.3,106.2,-0.9,96.3,.251,.291,.537,NA,.501,13.7,24.5,.191,NA,.497,14.0,73.5,.221,NA,US Airways Center,"693,862","16,923"
5,20,Detroit Pistons,25.9,32,50,38,44,-1.00,-0.39,-1.39,105.3,106.4,-1.1,92.8,.261,.290,.515,NA,.482,12.3,27.7,.184,NA,.502,13.2,75.0,.192,NA,The Palace of Auburn Hills,"625,917","15,266"
5,21,Miami Heat,28.5,37,45,33,49,-2.60,-0.32,-2.92,103.9,106.7,-2.8,90.9,.306,.262,.540,NA,.500,14.5,23.2,.227,NA,.505,14.2,73.4,.213,NA,AmericanAirlines Arena,"808,223","19,713"
5,22,Brooklyn Nets*,28.6,38,44,33,49,-2.88,-0.25,-3.13,104.4,107.4,-3.0,92.7,.267,.240,.529,NA,.491,13.0,23.9,.200,NA,.506,12.9,73.7,.185,NA,Barclays Center,"698,529","17,037"
5,23,Charlotte Hornets,26.0,33,49,32,50,-3.17,-0.27,-3.44,100.1,103.5,-3.4,93.0,.269,.226,.498,NA,.456,11.2,22.1,.202,NA,.487,12.0,79.3,.188,NA,Time Warner Cable Arena,"704,886","17,192"
5,24,Denver Nuggets,26.4,30,52,31,51,-3.55,0.48,-3.07,104.5,108.2,-3.7,96.1,.278,.284,.518,NA,.479,12.7,26.6,.204,NA,.504,13.0,74.7,.239,NA,Pepsi Center,"602,707","14,700"
5,25,Sacramento Kings,26.0,29,53,31,51,-3.71,0.64,-3.07,105.3,109.2,-3.9,95.4,.363,.204,.542,NA,.490,14.8,26.5,.276,NA,.507,11.8,75.2,.200,NA,Sleep Train Arena,"680,049","16,587"
5,26,Orlando Magic,24.3,25,57,25,57,-5.72,-0.15,-5.87,101.6,107.7,-6.1,93.8,.230,.235,.524,NA,.494,14.0,23.1,.168,NA,.514,13.6,76.0,.210,NA,Amway Center,"688,194","16,785"
5,27,Los Angeles Lakers,27.0,21,61,23,59,-6.84,0.67,-6.17,103.4,110.6,-7.2,94.0,.276,.220,.513,NA,.473,12.1,25.4,.204,NA,.518,12.1,76.3,.231,NA,STAPLES Center,"768,244","18,738"
5,28,Minnesota Timberwolves,24.4,16,66,19,63,-8.79,0.79,-8.00,102.9,112.2,-9.3,94.4,.309,.179,.517,NA,.468,13.7,26.6,.240,NA,.537,13.9,71.6,.187,NA,Target Center,"595,652","14,416"
5,29,Philadelphia 76ers,23.2,18,64,18,64,-8.98,-0.07,-9.04,95.5,104.8,-9.3,95.7,.288,.319,.494,NA,.459,16.0,25.5,.195,NA,.497,15.2,73.0,.225,NA,Wells Fargo Center,"571,572","13,941"
5,30,New York Knicks,26.9,17,65,17,65,-9.32,-0.18,-9.50,99.9,110.0,-10.1,91.2,.234,.240,.508,NA,.470,14.0,24.5,.180,NA,.512,13.3,73.1,.234,NA,Madison Square Garden (IV),"812,292","19,812"
5,,League Average,26.8,,,41,41,0.00,0.00,0.00,105.6,105.6,,93.9,.273,.268,.534,NA,.496,13.3,25.1,.205,NA,.496,13.3,74.9,.205,NA,,"729,877","17,814"
6,Rk,Team,Age,W,L,PW,PL,MOV,SOS,SRS,ORtg,DRtg,NRtg,Pace,FTr,3PAr,TS%,NA,eFG%,TOV%,ORB%,FT/FGA,NA,eFG%,TOV%,DRB%,FT/FGA,NA,Arena,Attend.,Attend./G
6,1,San Antonio Spurs*,30.3,67,15,67,15,10.63,-0.36,10.28,110.3,99.0,+11.3,93.8,.246,.223,.564,NA,.526,12.4,23.0,.197,NA,.477,14.1,79.1,.182,NA,AT&T Center,"756,445","18,450"
6,2,Golden State Warriors*,27.4,73,9,65,17,10.76,-0.38,10.38,114.5,103.8,+10.7,99.3,.250,.362,.593,NA,.563,13.5,23.5,.191,NA,.479,12.6,76.0,.208,NA,Oracle Arena,"803,436","19,596"
6,3,Oklahoma City Thunder*,25.8,55,27,59,23,7.28,-0.19,7.09,113.1,105.6,+7.5,96.7,.292,.275,.565,NA,.524,14.0,31.1,.228,NA,.484,11.7,76.0,.205,NA,Chesapeake Energy Arena,"746,323","18,203"
6,4,Cleveland Cavaliers*,28.1,57,25,57,25,6.00,-0.55,5.45,110.9,104.5,+6.4,93.3,.259,.352,.558,NA,.524,12.7,25.1,.194,NA,.496,12.6,78.5,.205,NA,Quicken Loans Arena,"843,042","20,562"
6,5,Toronto Raptors*,26.3,56,26,53,29,4.50,-0.42,4.08,110.0,105.2,+4.8,92.9,.328,.287,.552,NA,.504,12.3,24.6,.255,NA,.498,12.7,77.7,.201,NA,Air Canada Centre,"812,863","19,826"
6,6,Los Angeles Clippers*,29.7,53,29,53,29,4.28,-0.15,4.13,108.3,103.8,+4.5,95.8,.318,.324,.556,NA,.524,12.1,20.1,.220,NA,.480,13.8,73.8,.222,NA,STAPLES Center,"786,910","19,193"
6,7,Atlanta Hawks*,28.2,48,34,51,31,3.61,-0.12,3.49,105.1,101.4,+3.7,97.1,.237,.336,.552,NA,.516,13.8,19.1,.185,NA,.480,14.4,74.6,.194,NA,Philips Arena,"690,150","16,833"
6,8,Boston Celtics*,25.2,48,34,50,32,3.21,-0.37,2.84,106.8,103.6,+3.2,98.5,.264,.293,.531,NA,.488,12.1,25.1,.208,NA,.487,14.6,74.6,.231,NA,TD Garden,"749,076","18,270"
6,9,Charlotte Hornets*,26.0,48,34,49,33,2.72,-0.36,2.36,107.1,104.3,+2.8,95.7,.280,.348,.545,NA,.502,11.7,20.0,.222,NA,.496,12.5,79.8,.191,NA,Time Warner Cable Arena,"716,894","17,485"
6,10,Utah Jazz,24.2,40,42,46,36,1.79,0.05,1.84,105.9,103.9,+2.0,91.0,.286,.297,.540,NA,.501,14.2,25.9,.213,NA,.495,13.5,77.7,.210,NA,Vivint Smart Home Arena,"791,489","19,305"
6,11,Miami Heat*,28.4,48,34,46,36,1.65,-0.14,1.50,106.1,104.4,+1.7,93.6,.282,.221,.545,NA,.508,13.3,23.8,.210,NA,.485,12.1,77.8,.196,NA,AmericanAirlines Arena,"809,350","19,740"
6,12,Indiana Pacers*,26.9,45,37,46,36,1.71,-0.09,1.62,104.6,102.9,+1.7,96.6,.268,.270,.536,NA,.497,13.5,23.4,.205,NA,.489,14.3,76.0,.205,NA,Bankers Life Fieldhouse,"690,733","16,847"
6,13,Portland Trail Blazers*,24.3,44,38,43,39,0.83,0.15,0.98,108.8,108.0,+0.8,96.0,.268,.332,.548,NA,.511,13.2,25.9,.202,NA,.503,12.1,76.2,.225,NA,Moda Center,"794,085","19,368"
6,14,Detroit Pistons*,25.0,44,38,43,39,0.61,-0.18,0.43,106.1,105.5,+0.6,95.1,.296,.303,.522,NA,.491,12.2,27.0,.197,NA,.504,12.5,79.3,.196,NA,The Palace of Auburn Hills,"677,138","16,516"
6,15,Houston Rockets*,27.8,41,41,42,40,0.20,0.14,0.34,108.3,108.1,+0.2,97.6,.352,.370,.553,NA,.516,14.2,25.7,.244,NA,.516,14.7,72.8,.219,NA,Toyota Center,"737,244","17,982"
6,16,Dallas Mavericks*,30.3,42,40,40,42,-0.30,0.29,-0.02,106.7,107.0,-0.3,94.3,.265,.339,.544,NA,.502,12.0,20.6,.211,NA,.504,12.8,76.2,.198,NA,American Airlines Center,"825,901","20,144"
6,17,Washington Wizards,27.3,41,41,40,42,-0.50,0.00,-0.50,105.3,105.8,-0.5,98.5,.263,.282,.544,NA,.511,13.1,20.6,.192,NA,.515,14.6,77.7,.218,NA,Verizon Center,"725,426","17,693"
6,18,Chicago Bulls,27.6,42,40,37,45,-1.48,0.01,-1.46,105.0,106.5,-1.5,95.7,.240,.244,.526,NA,.487,12.6,24.5,.189,NA,.485,10.7,74.9,.182,NA,United Center,"894,659","21,821"
6,19,Orlando Magic,23.9,35,47,36,46,-1.62,-0.06,-1.68,105.1,106.8,-1.7,96.0,.232,.255,.533,NA,.500,12.8,23.1,.175,NA,.513,13.8,76.5,.215,NA,Amway Center,"719,275","17,515"
6,20,Sacramento Kings,26.6,33,49,34,48,-2.48,0.16,-2.32,106.0,108.4,-2.4,100.0,.295,.260,.546,NA,.510,14.2,23.9,.214,NA,.521,14.0,74.9,.202,NA,Sleep Train Arena,"707,526","17,222"
6,21,Memphis Grizzlies*,30.5,42,40,35,47,-2.24,0.11,-2.14,105.4,107.8,-2.4,93.3,.295,.222,.524,NA,.477,12.3,25.3,.231,NA,.518,15.2,75.1,.251,NA,FedEx Forum,"701,894","17,119"
6,22,New York Knicks,27.2,32,50,33,49,-2.73,0.00,-2.74,104.6,107.6,-3.0,93.4,.255,.256,.527,NA,.483,12.6,23.7,.205,NA,.487,10.5,75.8,.204,NA,Madison Square Garden (IV),"812,292","19,812"
6,23,Denver Nuggets,24.7,33,49,33,49,-3.10,0.29,-2.81,105.6,108.9,-3.3,95.7,.282,.277,.531,NA,.489,13.2,25.8,.216,NA,.515,12.6,77.3,.216,NA,Pepsi Center,"577,898","14,095"
6,24,Minnesota Timberwolves,24.6,29,53,31,51,-3.54,0.15,-3.38,106.5,110.1,-3.6,95.2,.332,.202,.549,NA,.498,13.9,24.3,.263,NA,.524,13.6,74.7,.200,NA,Target Center,"581,178","14,175"
6,25,New Orleans Pelicans,26.6,30,52,31,51,-3.79,0.24,-3.56,105.6,109.5,-3.9,96.8,.259,.277,.537,NA,.498,12.3,21.2,.201,NA,.523,12.7,78.8,.225,NA,Smoothie King Center,"688,549","16,794"
6,26,Milwaukee Bucks,23.5,33,49,29,53,-4.18,0.20,-3.98,104.3,108.7,-4.4,94.2,.276,.189,.537,NA,.499,14.2,24.9,.207,NA,.510,14.2,73.1,.221,NA,BMO Harris Bradley Center,"621,808","15,166"
6,27,Phoenix Suns,26.0,23,59,24,58,-6.66,0.34,-6.32,102.2,109.0,-6.8,98.5,.271,.302,.526,NA,.487,15.2,25.4,.204,NA,.523,13.5,77.1,.237,NA,Talking Stick Resort Arena,"701,405","17,107"
6,28,Brooklyn Nets,26.9,21,61,22,60,-7.35,0.24,-7.12,103.2,110.9,-7.7,95.2,.246,.218,.527,NA,.492,13.6,24.1,.186,NA,.534,13.1,75.7,.176,NA,Barclays Center,"620,142","15,125"
6,29,Los Angeles Lakers,26.5,17,65,17,65,-9.56,0.64,-8.92,101.6,111.6,-10.0,95.6,.292,.290,.509,NA,.460,12.5,23.1,.228,NA,.523,11.6,74.7,.202,NA,STAPLES Center,"778,877","18,997"
6,30,Philadelphia 76ers,23.3,10,72,16,66,-10.23,0.31,-9.92,98.8,109.2,-10.4,97.9,.269,.327,.519,NA,.487,14.8,20.6,.186,NA,.510,13.5,74.0,.240,NA,Wells Fargo Center,"614,650","14,991"
6,,League Average,26.8,,,41,41,0.00,0.00,0.00,106.4,106.4,,95.8,.276,.285,.541,NA,.502,13.2,23.8,.209,NA,.502,13.2,76.2,.209,NA,,"732,555","17,866"
7,Rk,Team,Age,W,L,PW,PL,MOV,SOS,SRS,ORtg,DRtg,NRtg,Pace,FTr,3PAr,TS%,NA,eFG%,TOV%,ORB%,FT/FGA,NA,eFG%,TOV%,DRB%,FT/FGA,NA,Arena,Attend.,Attend./G
7,1,Golden State Warriors*,28.2,67,15,67,15,11.63,-0.28,11.35,115.6,104.0,+11.6,99.8,.259,.359,.597,NA,.563,13.2,22.8,.204,NA,.486,13.5,74.9,.198,NA,Oracle Arena,"803,436","19,596"
7,2,San Antonio Spurs*,29.6,61,21,60,22,7.20,-0.06,7.13,111.1,103.5,+7.6,94.2,.263,.281,.564,NA,.524,12.6,24.0,.210,NA,.492,13.5,77.6,.192,NA,AT&T Center,"755,347","18,423"
7,3,Houston Rockets*,27.4,55,27,55,27,5.77,0.08,5.84,114.7,109.0,+5.7,100.0,.304,.462,.583,NA,.545,13.3,24.6,.233,NA,.519,13.2,75.8,.194,NA,Toyota Center,"695,903","16,973"
7,4,Toronto Raptors*,26.1,51,31,52,30,4.21,-0.56,3.65,112.3,107.8,+4.5,94.7,.293,.289,.561,NA,.517,11.8,25.0,.233,NA,.507,13.5,76.3,.223,NA,Air Canada Centre,"813,050","19,830"
7,5,Los Angeles Clippers*,30.0,51,31,52,30,4.29,0.13,4.42,112.7,108.2,+4.5,96.1,.312,.329,.574,NA,.537,12.0,21.5,.233,NA,.506,12.1,76.9,.211,NA,STAPLES Center,"782,609","19,088"
7,6,Utah Jazz*,26.8,51,31,52,30,3.94,0.06,4.00,109.6,105.3,+4.3,91.6,.288,.327,.563,NA,.526,13.2,23.2,.215,NA,.493,11.8,78.9,.195,NA,Vivint Smart Home Arena,"806,142","19,662"
7,7,Cleveland Cavaliers*,29.2,51,31,49,33,3.18,-0.31,2.87,113.6,110.3,+3.3,96.2,.275,.399,.580,NA,.547,12.6,21.9,.206,NA,.516,11.4,75.8,.174,NA,Quicken Loans Arena,"843,042","20,562"
7,8,Boston Celtics*,25.9,53,29,48,34,2.63,-0.39,2.25,111.2,108.4,+2.8,96.8,.273,.393,.567,NA,.525,12.2,21.2,.220,NA,.503,12.6,75.3,.223,NA,TD Garden,"760,690","18,553"
7,9,Washington Wizards*,26.0,49,33,46,36,1.80,-0.45,1.36,111.2,109.3,+1.9,97.4,.254,.284,.564,NA,.528,12.8,24.1,.199,NA,.524,13.8,75.5,.213,NA,Verizon Center,"697,107","17,003"
7,10,Miami Heat,26.5,41,41,44,38,1.06,-0.29,0.77,107.8,106.7,+1.1,95.2,.251,.314,.541,NA,.512,12.4,24.2,.177,NA,.496,12.6,76.4,.220,NA,AmericanAirlines Arena,"805,400","19,644"
7,11,Oklahoma City Thunder*,24.7,47,35,43,39,0.76,0.39,1.14,108.3,107.5,+0.8,97.8,.295,.295,.540,NA,.500,13.2,27.9,.220,NA,.511,12.5,79.0,.218,NA,Chesapeake Energy Arena,"746,323","18,203"
7,12,Memphis Grizzlies*,29.5,43,39,42,40,0.49,0.47,0.96,107.7,107.1,+0.6,92.3,.280,.316,.535,NA,.491,12.1,24.8,.219,NA,.506,13.6,77.5,.256,NA,FedEx Forum,"677,314","16,520"
7,13,Denver Nuggets,25.2,40,42,42,40,0.51,0.19,0.70,113.2,112.7,+0.5,98.3,.276,.329,.568,NA,.530,13.2,27.3,.214,NA,.532,10.9,78.7,.194,NA,Pepsi Center,"605,585","14,672"
7,14,Chicago Bulls*,26.9,41,41,42,40,0.43,-0.39,0.03,107.4,107.0,+0.4,95.3,.259,.256,.530,NA,.487,12.3,27.0,.206,NA,.507,12.4,76.8,.169,NA,United Center,"888,882","21,680"
7,15,Charlotte Hornets,26.5,36,46,42,40,0.20,-0.26,-0.07,108.8,108.6,+0.2,95.7,.279,.335,.547,NA,.501,10.7,19.9,.227,NA,.523,12.1,79.6,.164,NA,Spectrum Center,"710,643","17,333"
7,16,Indiana Pacers*,27.0,42,40,40,42,-0.22,-0.42,-0.64,108.6,108.8,-0.2,95.9,.261,.272,.558,NA,.516,12.8,21.2,.212,NA,.512,13.6,75.5,.225,NA,Bankers Life Fieldhouse,"684,578","16,697"
7,17,Milwaukee Bucks*,25.6,42,40,40,42,-0.18,-0.26,-0.45,109.1,109.3,-0.2,94.5,.274,.290,.565,NA,.527,13.2,21.5,.210,NA,.518,13.6,75.4,.215,NA,BMO Harris Bradley Center,"648,952","15,828"
7,18,Portland Trail Blazers*,24.8,41,41,40,42,-0.52,0.30,-0.23,110.3,110.8,-0.5,96.7,.275,.322,.559,NA,.520,12.5,23.0,.214,NA,.508,11.6,76.8,.241,NA,Moda Center,"792,029","19,318"
7,19,Atlanta Hawks*,27.9,43,39,39,43,-0.85,-0.38,-1.23,104.9,105.7,-0.8,97.4,.295,.309,.541,NA,.504,14.2,23.6,.215,NA,.507,13.8,76.1,.179,NA,Philips Arena,"654,306","15,959"
7,20,Detroit Pistons,25.4,37,45,38,44,-1.12,-0.17,-1.29,106.0,107.1,-1.1,95.0,.218,.263,.521,NA,.492,10.9,24.1,.157,NA,.516,12.1,81.2,.197,NA,The Palace of Auburn Hills,"655,141","15,979"
7,21,Minnesota Timberwolves,24.0,31,51,38,44,-1.11,0.47,-0.64,110.8,112.0,-1.2,94.6,.287,.249,.555,NA,.511,12.9,27.2,.229,NA,.535,13.2,75.9,.212,NA,Target Center,"607,203","14,810"
7,22,New Orleans Pelicans,25.7,34,48,35,47,-2.10,0.41,-1.69,105.2,107.4,-2.2,98.0,.256,.308,.539,NA,.504,11.7,18.5,.192,NA,.509,12.4,76.8,.177,NA,Smoothie King Center,"663,099","16,173"
7,23,Dallas Mavericks,27.6,33,49,33,49,-2.93,0.40,-2.53,105.6,108.8,-3.2,92.2,.225,.366,.541,NA,.505,11.6,18.1,.180,NA,.529,14.4,77.6,.218,NA,American Airlines Center,"811,366","19,789"
7,24,New York Knicks,27.3,31,51,31,51,-3.67,-0.20,-3.87,107.7,111.5,-3.8,96.0,.239,.279,.534,NA,.496,12.4,26.6,.188,NA,.511,11.7,74.1,.214,NA,Madison Square Garden (IV),"810,741","19,774"
7,25,Sacramento Kings,27.9,32,50,31,51,-3.88,0.58,-3.29,107.3,111.3,-4.0,94.9,.284,.291,.556,NA,.516,13.7,21.0,.220,NA,.528,12.9,76.3,.227,NA,Golden 1 Center,"721,928","17,608"
7,26,Phoenix Suns,25.0,24,58,27,55,-5.63,0.49,-5.14,106.6,112.2,-5.6,100.3,.297,.255,.538,NA,.493,13.4,26.0,.231,NA,.525,13.1,76.4,.264,NA,Talking Stick Resort Arena,"708,639","17,134"
7,27,Philadelphia 76ers,24.6,28,54,26,56,-5.70,-0.14,-5.83,103.2,108.9,-5.7,98.5,.258,.349,.539,NA,.501,14.9,22.4,.199,NA,.512,13.5,75.3,.234,NA,Wells Fargo Center,"710,557","17,331"
7,28,Brooklyn Nets,26.0,20,62,24,58,-6.73,-0.01,-6.74,104.1,110.7,-6.6,101.3,.289,.371,.551,NA,.507,14.7,19.6,.228,NA,.513,11.6,76.1,.212,NA,Barclays Center,"632,608","15,429"
7,29,Orlando Magic,25.3,29,53,24,58,-6.57,-0.04,-6.61,103.7,110.5,-6.8,96.8,.246,.300,.524,NA,.489,12.1,21.6,.184,NA,.523,11.9,77.4,.201,NA,Amway Center,"727,875","17,753"
7,30,Los Angeles Lakers,25.1,26,56,24,58,-6.88,0.58,-6.29,106.0,113.0,-7.0,98.5,.259,.295,.537,NA,.501,13.5,25.0,.195,NA,.542,13.0,75.8,.213,NA,STAPLES Center,"776,917","18,949"
7,,League Average,26.6,,,41,41,0.00,0.00,0.00,108.8,108.8,,96.4,.271,.316,.552,NA,.514,12.7,23.3,.209,NA,.514,12.7,76.7,.209,NA,,"733,247","17,880"
8,Rk,Team,Age,W,L,PW,PL,MOV,SOS,SRS,ORtg,DRtg,NRtg,Pace,FTr,3PAr,TS%,NA,eFG%,TOV%,ORB%,FT/FGA,NA,eFG%,TOV%,DRB%,FT/FGA,NA,Arena,Attend.,Attend./G
8,1,Houston Rockets*,29.8,65,17,61,21,8.48,-0.27,8.21,114.7,106.1,+8.6,97.6,.298,.502,.590,NA,.551,12.7,21.3,.233,NA,.521,13.4,79.9,.171,NA,Toyota Center,"732,722","17,871"
8,2,Toronto Raptors*,25.8,59,23,60,22,7.78,-0.49,7.29,113.8,105.9,+7.9,97.4,.250,.377,.575,NA,.539,12.1,23.0,.198,NA,.501,13.0,77.7,.212,NA,Air Canada Centre,"813,431","19,840"
8,3,Golden State Warriors*,28.8,58,24,56,26,5.98,-0.19,5.79,113.6,107.6,+6.0,99.6,.239,.339,.603,NA,.569,14.1,21.0,.195,NA,.504,12.6,76.3,.186,NA,Oracle Arena,"803,436","19,596"
8,4,Utah Jazz*,26.7,48,34,53,29,4.30,0.17,4.47,108.4,103.9,+4.5,95.7,.260,.357,.564,NA,.527,13.7,21.5,.202,NA,.506,14.0,79.8,.190,NA,Vivint Smart Home Arena,"734,806","17,922"
8,5,Philadelphia 76ers*,25.8,52,30,53,29,4.50,-0.20,4.30,109.5,105.0,+4.5,99.8,.263,.344,.568,NA,.535,14.6,25.3,.198,NA,.492,12.6,78.6,.218,NA,Wells Fargo Center,"833,503","20,361"
8,6,Boston Celtics*,24.7,55,27,51,31,3.59,-0.35,3.23,107.6,103.9,+3.7,96.0,.243,.357,.552,NA,.518,13.0,21.5,.188,NA,.495,13.0,78.4,.191,NA,TD Garden,"763,584","18,624"
8,7,Oklahoma City Thunder*,27.3,48,34,50,32,3.41,0.00,3.42,110.7,107.2,+3.5,96.7,.275,.345,.546,NA,.514,12.4,27.7,.197,NA,.525,14.7,77.4,.193,NA,Chesapeake Energy Arena,"746,322","18,203"
8,8,San Antonio Spurs*,29.3,47,35,49,33,2.89,0.00,2.89,107.9,104.8,+3.1,95.0,.245,.282,.543,NA,.507,12.2,23.7,.189,NA,.507,13.2,78.6,.170,NA,AT&T Center,"754,562","18,404"
8,9,Portland Trail Blazers*,25.6,49,33,48,34,2.60,0.00,2.60,109.1,106.4,+2.7,96.5,.240,.324,.549,NA,.511,12.3,23.3,.192,NA,.503,11.7,79.1,.193,NA,Moda Center,"795,750","19,409"
8,10,Minnesota Timberwolves*,27.1,47,35,47,35,2.23,0.12,2.35,113.4,111.1,+2.3,96.0,.280,.261,.566,NA,.523,11.4,24.4,.225,NA,.539,13.9,76.4,.189,NA,Target Center,"699,308","17,056"
8,11,Denver Nuggets,25.1,46,36,45,37,1.48,0.09,1.57,112.5,111.0,+1.5,96.8,.258,.357,.570,NA,.536,13.4,25.7,.198,NA,.539,12.6,77.5,.173,NA,Pepsi Center,"702,796","17,141"
8,12,Indiana Pacers*,26.2,48,34,45,37,1.38,-0.20,1.18,109.5,108.1,+1.4,96.0,.222,.284,.557,NA,.525,12.3,22.7,.173,NA,.527,14.2,76.2,.174,NA,Bankers Life Fieldhouse,"658,119","16,052"
8,13,New Orleans Pelicans*,27.6,48,34,44,38,1.30,0.18,1.48,109.6,108.3,+1.3,100.5,.237,.319,.573,NA,.541,13.3,20.0,.183,NA,.513,12.5,76.7,.175,NA,Smoothie King Center,"673,920","16,437"
8,14,Cleveland Cavaliers*,30.6,50,32,43,39,0.94,-0.35,0.59,112.9,111.9,+1.0,98.0,.275,.379,.584,NA,.547,12.6,20.1,.214,NA,.540,12.2,77.3,.166,NA,Quicken Loans Arena,"843,042","20,562"
8,15,Washington Wizards*,26.9,43,39,43,39,0.59,-0.06,0.53,109.3,108.7,+0.6,96.6,.254,.310,.560,NA,.525,13.3,23.5,.196,NA,.522,13.6,77.1,.212,NA,Capital One Arena,"739,302","18,032"
8,16,Miami Heat*,26.5,44,38,42,40,0.48,-0.33,0.15,106.8,106.3,+0.5,95.6,.229,.358,.551,NA,.520,13.3,21.5,.173,NA,.507,13.1,79.0,.215,NA,AmericanAirlines Arena,"804,850","19,630"
8,17,Charlotte Hornets,26.6,36,46,42,40,0.26,-0.19,0.07,109.4,109.1,+0.3,98.4,.312,.314,.549,NA,.508,11.4,22.2,.233,NA,.532,12.4,80.7,.165,NA,Spectrum Center,"671,404","16,376"
8,18,Los Angeles Clippers,27.0,42,40,41,41,0.04,0.11,0.15,110.3,110.2,+0.1,98.7,.299,.314,.564,NA,.527,13.2,23.5,.222,NA,.520,12.6,76.1,.203,NA,STAPLES Center,"697,812","17,020"
8,19,Detroit Pistons,25.9,39,43,41,41,-0.15,-0.11,-0.26,107.2,107.3,-0.1,96.2,.227,.333,.543,NA,.512,12.3,22.7,.169,NA,.524,13.7,78.5,.172,NA,Little Caesars Arena,"713,945","17,413"
8,20,Milwaukee Bucks*,25.9,44,38,40,42,-0.30,-0.15,-0.45,109.8,110.1,-0.3,96.2,.281,.297,.571,NA,.531,12.9,20.4,.220,NA,.528,14.2,75.9,.220,NA,BMO Harris Bradley Center,"685,303","16,856"
8,21,Los Angeles Lakers,23.7,35,47,37,45,-1.55,0.11,-1.44,106.5,108.0,-1.5,100.3,.264,.329,.548,NA,.517,13.8,23.6,.188,NA,.514,12.5,77.7,.190,NA,STAPLES Center,"776,327","18,935"
8,22,Dallas Mavericks,27.7,24,58,33,49,-3.04,0.34,-2.70,106.3,109.5,-3.2,95.6,.217,.382,.544,NA,.513,11.6,18.0,.166,NA,.532,12.9,78.9,.193,NA,American Airlines Center,"811,453","19,792"
8,23,New York Knicks,26.3,29,53,32,50,-3.56,0.03,-3.53,107.1,110.7,-3.6,96.8,.216,.266,.544,NA,.510,13.3,24.1,.170,NA,.522,12.2,76.7,.208,NA,Madison Square Garden (IV),"792,608","19,332"
8,24,Brooklyn Nets,25.1,28,54,31,51,-3.74,0.07,-3.67,106.9,110.6,-3.7,98.9,.260,.411,.551,NA,.514,13.6,21.0,.201,NA,.517,11.0,77.0,.201,NA,Barclays Center,"640,010","15,376"
8,25,Orlando Magic,25.6,25,57,28,54,-4.82,-0.10,-4.92,105.2,110.1,-4.9,98.1,.238,.342,.545,NA,.512,13.3,20.0,.180,NA,.525,12.8,75.6,.187,NA,Amway Center,"734,531","17,915"
8,26,Atlanta Hawks,25.4,24,58,27,55,-5.45,0.15,-5.30,105.0,110.6,-5.6,98.3,.236,.363,.547,NA,.512,14.1,21.1,.185,NA,.536,13.6,76.2,.183,NA,Philips Arena,"590,769","14,409"
8,27,Memphis Grizzlies,26.0,22,60,25,57,-6.21,0.39,-5.81,104.5,111.0,-6.5,94.9,.255,.317,.539,NA,.500,14.0,22.4,.201,NA,.529,13.8,76.5,.256,NA,FedEx Forum,"653,863","15,948"
8,28,Chicago Bulls,24.4,27,55,23,59,-7.04,0.20,-6.84,103.8,110.9,-7.1,98.3,.216,.350,.529,NA,.497,12.6,20.6,.164,NA,.542,12.4,80.6,.184,NA,United Center,"851,824","20,776"
8,29,Sacramento Kings,26.4,27,55,23,59,-6.99,0.39,-6.60,103.7,111.1,-7.4,94.9,.194,.278,.529,NA,.502,12.8,21.5,.143,NA,.542,13.5,77.6,.199,NA,Golden 1 Center,"714,680","17,431"
8,30,Phoenix Suns,23.7,21,61,19,63,-9.37,0.57,-8.80,103.5,112.8,-9.3,100.3,.275,.320,.532,NA,.495,13.9,22.5,.203,NA,.533,11.9,76.5,.212,NA,Talking Stick Resort Arena,"690,576","16,843"
8,,League Average,26.6,,,41,41,0.00,0.00,0.00,108.6,108.6,,97.3,.252,.337,.556,NA,.521,13.0,22.3,.193,NA,.521,13.0,77.7,.193,NA,,"737,485","17,989"
9,Rk,Team,Age,W,L,PW,PL,MOV,SOS,SRS,ORtg,DRtg,NRtg,Pace,FTr,3PAr,TS%,NA,eFG%,TOV%,ORB%,FT/FGA,NA,eFG%,TOV%,DRB%,FT/FGA,NA,Arena,Attend.,Attend./G
9,1,Milwaukee Bucks*,26.9,60,22,61,21,8.87,-0.82,8.04,113.8,105.2,+8.6,103.3,.255,.419,.583,NA,.550,12.0,20.8,.197,NA,.503,11.5,80.3,.162,NA,Fiserv Forum,"721,692","17,602"
9,2,Golden State Warriors*,28.4,57,25,56,26,6.46,-0.04,6.42,115.9,109.5,+6.4,100.9,.227,.384,.596,NA,.565,12.6,22.5,.182,NA,.508,11.7,77.1,.205,NA,Oracle Arena,"803,436","19,596"
9,3,Toronto Raptors*,27.3,58,24,56,26,6.09,-0.60,5.49,113.1,107.1,+6.0,100.2,.247,.379,.579,NA,.543,12.4,21.9,.198,NA,.509,13.1,77.1,.190,NA,Scotiabank Arena,"812,822","19,825"
9,4,Utah Jazz*,27.3,50,32,54,28,5.26,0.03,5.28,110.9,105.7,+5.2,100.3,.295,.394,.572,NA,.538,13.4,22.9,.217,NA,.507,12.4,80.3,.189,NA,Vivint Smart Home Arena,"750,546","18,306"
9,5,Houston Rockets*,29.2,53,29,53,29,4.77,0.19,4.96,115.5,110.7,+4.8,97.9,.279,.519,.581,NA,.542,12.0,22.8,.221,NA,.525,13.4,74.4,.210,NA,Toyota Center,"740,392","18,058"
9,6,Boston Celtics*,25.7,49,33,52,30,4.44,-0.54,3.90,112.2,107.8,+4.4,99.6,.215,.381,.567,NA,.534,11.5,21.6,.173,NA,.514,13.4,77.0,.198,NA,TD Garden,"763,584","18,624"
9,7,Portland Trail Blazers*,26.2,53,29,51,31,4.20,0.24,4.43,114.7,110.5,+4.2,99.1,.258,.339,.568,NA,.528,12.1,26.6,.210,NA,.516,11.0,77.9,.195,NA,Moda Center,"799,345","19,496"
9,8,Denver Nuggets*,24.9,54,28,51,31,3.95,0.24,4.19,113.0,108.9,+4.1,97.7,.232,.348,.558,NA,.527,11.9,26.6,.175,NA,.521,12.3,78.0,.194,NA,Pepsi Center,"756,457","18,450"
9,9,Indiana Pacers*,27.0,48,34,50,32,3.33,-0.57,2.76,109.9,106.5,+3.4,98.1,.242,.292,.561,NA,.530,12.4,21.9,.182,NA,.516,14.1,76.2,.184,NA,Bankers Life Fieldhouse,"689,310","16,812"
9,10,Oklahoma City Thunder*,25.7,49,33,50,32,3.40,0.15,3.56,110.3,107.0,+3.3,102.8,.266,.347,.545,NA,.514,11.7,26.0,.190,NA,.523,14.4,78.2,.206,NA,Chesapeake Energy Arena,"746,323","18,203"
9,11,Philadelphia 76ers*,26.4,51,31,48,34,2.70,-0.44,2.25,112.6,110.0,+2.6,101.6,.312,.342,.574,NA,.532,12.9,24.5,.241,NA,.512,11.1,78.6,.206,NA,Wells Fargo Center,"838,342","20,447"
9,12,San Antonio Spurs*,28.8,48,34,45,37,1.68,0.12,1.80,112.9,111.2,+1.7,98.3,.237,.286,.572,NA,.534,11.0,21.0,.194,NA,.528,11.0,79.4,.170,NA,AT&T Center,"750,616","18,308"
9,13,Los Angeles Clippers*,27.2,48,34,43,39,0.85,0.23,1.09,112.4,111.5,+0.9,101.7,.326,.295,.575,NA,.529,12.7,22.0,.258,NA,.514,11.4,76.0,.224,NA,STAPLES Center,"710,327","17,325"
9,14,Orlando Magic*,25.7,42,40,43,39,0.71,-0.43,0.28,108.9,108.1,+0.8,98.1,.216,.360,.550,NA,.518,11.9,22.0,.168,NA,.515,11.8,79.7,.186,NA,Amway Center,"720,024","17,431"
9,15,Brooklyn Nets*,25.4,42,40,41,41,-0.07,-0.33,-0.40,109.6,109.7,-0.1,100.8,.284,.403,.556,NA,.520,13.0,23.8,.211,NA,.512,11.6,76.4,.190,NA,Barclays Center,"612,597","14,941"
9,16,Detroit Pistons*,26.9,41,41,40,42,-0.24,-0.31,-0.56,109.0,109.2,-0.2,97.4,.262,.394,.544,NA,.509,12.3,24.8,.195,NA,.526,12.8,78.7,.211,NA,Little Caesars Arena,"675,963","16,487"
9,17,Miami Heat,27.0,39,43,40,42,-0.23,-0.22,-0.45,107.3,107.6,-0.3,98.2,.247,.368,.542,NA,.515,13.1,24.8,.172,NA,.510,12.7,77.6,.201,NA,AmericanAirlines Arena,"805,264","19,641"
9,18,Sacramento Kings,24.8,39,43,38,44,-1.12,0.31,-0.81,110.4,111.5,-1.1,103.1,.244,.321,.554,NA,.524,11.5,23.1,.177,NA,.533,13.6,75.5,.207,NA,Golden 1 Center,"700,975","17,097"
9,19,Charlotte Hornets,26.6,39,43,38,44,-1.10,-0.22,-1.32,111.4,112.5,-1.1,98.7,.257,.378,.554,NA,.514,10.9,21.7,.205,NA,.538,12.1,77.1,.179,NA,Spectrum Center,"676,570","16,502"
9,20,New Orleans Pelicans,25.7,33,49,38,44,-1.33,0.23,-1.10,111.4,112.6,-1.2,103.3,.254,.324,.563,NA,.529,12.6,24.1,.193,NA,.532,11.6,76.8,.193,NA,Smoothie King Center,"656,183","16,004"
9,21,Dallas Mavericks,26.9,33,49,38,44,-1.28,0.42,-0.87,109.4,110.7,-1.3,99.0,.291,.422,.555,NA,.519,12.7,22.7,.216,NA,.522,11.6,77.5,.191,NA,American Airlines Center,"820,569","20,014"
9,22,Minnesota Timberwolves,26.2,36,46,37,45,-1.50,0.48,-1.02,111.4,112.9,-1.5,100.2,.267,.315,.552,NA,.511,11.4,24.6,.210,NA,.538,12.9,74.9,.190,NA,Target Center,"627,543","15,306"
9,23,Los Angeles Lakers,26.2,37,45,37,45,-1.72,0.39,-1.33,107.8,109.5,-1.7,103.2,.257,.342,.554,NA,.527,13.4,22.2,.180,NA,.516,12.2,76.4,.192,NA,STAPLES Center,"778,877","18,997"
9,24,Memphis Grizzlies,27.7,33,49,34,48,-2.60,0.51,-2.08,106.1,108.8,-2.7,96.6,.272,.342,.548,NA,.508,12.9,20.0,.210,NA,.521,13.9,77.6,.232,NA,FedEx Forum,"638,332","15,569"
9,25,Washington Wizards,26.5,32,50,34,48,-2.90,-0.40,-3.30,111.1,113.9,-2.8,101.4,.266,.370,.567,NA,.531,12.3,21.3,.204,NA,.546,13.5,74.1,.199,NA,Capital One Arena,"716,996","17,448"
9,26,Atlanta Hawks,25.1,29,53,27,55,-6.02,-0.04,-6.06,108.1,113.9,-5.8,103.9,.255,.403,.555,NA,.522,14.3,24.7,.192,NA,.541,12.8,76.4,.237,NA,State Farm Arena,"628,440","15,328"
9,27,Chicago Bulls,24.0,22,60,21,61,-8.41,0.10,-8.32,104.8,113.2,-8.4,99.0,.235,.295,.541,NA,.505,12.7,19.4,.184,NA,.541,11.9,77.3,.188,NA,United Center,"823,475","20,085"
9,28,New York Knicks,23.4,17,65,19,63,-9.21,0.28,-8.93,104.5,113.7,-9.2,99.6,.270,.334,.529,NA,.490,12.4,22.1,.205,NA,.533,11.7,76.1,.203,NA,Madison Square Garden (IV),"779,087","19,002"
9,29,Phoenix Suns,24.0,19,63,19,63,-9.34,0.73,-8.61,105.9,115.1,-9.2,100.5,.259,.335,.552,NA,.514,13.8,20.5,.202,NA,.545,13.5,72.5,.236,NA,Talking Stick Resort Arena,"627,023","15,293"
9,30,Cleveland Cavaliers,25.2,19,63,19,63,-9.61,0.22,-9.39,107.7,117.6,-9.9,96.6,.236,.332,.540,NA,.503,12.2,23.7,.187,NA,.564,11.5,77.0,.181,NA,Quicken Loans Arena,"793,337","19,350"
9,,League Average,26.4,,,41,41,0.00,0.00,0.00,110.4,110.4,,100.0,.259,.359,.560,NA,.524,12.4,22.9,.198,NA,.524,12.4,77.1,.198,NA,,"732,148","17,853"
10,Rk,Team,Age,W,L,PW,PL,MOV,SOS,SRS,ORtg,DRtg,NRtg,Pace,FTr,3PAr,TS%,NA,eFG%,TOV%,ORB%,FT/FGA,NA,eFG%,TOV%,DRB%,FT/FGA,NA,Arena,Attend.,Attend./G
10,1,Milwaukee Bucks*,29.2,56,17,57,16,10.08,-0.67,9.41,112.4,102.9,+9.5,105.1,.271,.428,.583,NA,.552,12.9,20.7,.201,NA,.489,12.0,81.6,.178,NA,Fiserv Forum,"549,036","17,711"
10,2,Boston Celtics*,25.3,48,24,50,22,6.31,-0.47,5.83,113.3,107.0,+6.3,99.5,.259,.386,.570,NA,.531,12.2,23.9,.207,NA,.509,13.5,77.4,.215,NA,TD Garden,"610,864","19,090"
10,3,Los Angeles Clippers*,27.4,49,23,50,22,6.44,0.21,6.66,113.9,107.6,+6.3,101.5,.295,.375,.577,NA,.535,12.6,23.5,.233,NA,.506,12.2,77.6,.206,NA,STAPLES Center,"610,176","19,068"
10,4,Toronto Raptors*,26.6,53,19,50,22,6.24,-0.26,5.97,111.1,105.0,+6.1,100.9,.264,.421,.574,NA,.536,13.1,21.3,.210,NA,.502,14.6,76.7,.202,NA,Scotiabank Arena,"633,456","19,796"
10,5,Los Angeles Lakers*,29.5,52,19,48,23,5.79,0.49,6.28,112.0,106.3,+5.7,100.9,.276,.358,.573,NA,.542,13.3,24.5,.201,NA,.515,14.1,78.8,.205,NA,STAPLES Center,"588,907","18,997"
10,6,Dallas Mavericks*,26.1,43,32,49,26,4.95,-0.07,4.87,116.7,111.7,+5.0,99.3,.264,.457,.581,NA,.545,11.2,23.2,.206,NA,.525,10.6,77.7,.175,NA,American Airlines Center,"682,096","20,062"
10,7,Miami Heat*,25.9,44,29,43,30,2.95,-0.35,2.59,112.5,109.5,+3.0,98.3,.299,.419,.587,NA,.547,13.5,20.3,.234,NA,.523,12.6,79.5,.213,NA,AmericanAirlines Arena,"629,771","19,680"
10,8,Houston Rockets*,29.2,44,28,42,30,2.96,0.17,3.13,112.9,110.1,+2.8,103.7,.288,.501,.578,NA,.537,12.6,21.0,.228,NA,.529,13.7,75.6,.197,NA,Toyota Center,"578,458","18,077"
10,9,Utah Jazz*,27.3,44,28,42,30,2.47,0.05,2.52,112.3,109.9,+2.4,98.6,.268,.414,.585,NA,.549,13.7,21.6,.208,NA,.518,11.1,78.9,.185,NA,Vivint Smart Home Arena,"567,486","18,306"
10,10,Philadelphia 76ers*,26.3,43,30,42,31,2.38,-0.13,2.25,111.3,109.0,+2.3,99.0,.255,.360,.566,NA,.534,12.7,23.9,.193,NA,.523,12.5,80.3,.214,NA,Wells Fargo Center,"639,491","20,629"
10,11,Denver Nuggets*,25.6,46,27,41,32,2.11,0.24,2.35,113.1,111.0,+2.1,97.1,.235,.344,.567,NA,.535,12.3,24.8,.183,NA,.533,12.9,76.8,.198,NA,Pepsi Center,"633,153","19,186"
10,12,Indiana Pacers*,25.6,45,28,41,32,1.96,-0.33,1.63,110.0,108.0,+2.0,98.9,.216,.317,.565,NA,.534,12.0,20.0,.170,NA,.511,13.0,76.7,.192,NA,Bankers Life Fieldhouse,"529,002","16,531"
10,13,Oklahoma City Thunder*,25.5,44,28,41,31,1.99,0.34,2.33,110.8,108.8,+2.0,98.8,.290,.353,.573,NA,.530,12.4,19.3,.231,NA,.518,12.6,76.8,.173,NA,Chesapeake Energy Arena,"600,699","18,203"
10,14,Phoenix Suns,24.6,34,39,37,36,0.22,0.35,0.56,111.7,111.4,+0.3,101.3,.271,.361,.576,NA,.532,13.0,22.2,.226,NA,.539,13.7,78.8,.221,NA,Talking Stick Resort Arena,"550,633","15,606"
10,15,Brooklyn Nets*,26.3,35,37,35,37,-0.57,-0.44,-1.01,108.9,109.5,-0.6,101.4,.267,.423,.554,NA,.520,13.1,23.2,.199,NA,.511,11.0,77.8,.187,NA,Barclays Center,"524,907","16,403"
10,16,Orlando Magic*,26.1,33,40,34,39,-1.01,0.09,-0.93,108.5,109.5,-1.0,98.6,.256,.364,.544,NA,.506,11.5,22.3,.198,NA,.535,13.2,79.1,.176,NA,Amway Center,"529,870","17,093"
10,17,San Antonio Spurs,27.6,32,39,33,38,-1.11,0.46,-0.65,112.4,113.5,-1.1,100.5,.262,.318,.572,NA,.531,11.2,20.1,.212,NA,.542,11.7,79.2,.193,NA,AT&T Center,"550,515","18,351"
10,18,Memphis Grizzlies,24.1,34,39,34,39,-1.07,0.16,-0.91,109.2,110.3,-1.1,102.8,.240,.346,.561,NA,.528,13.2,23.0,.183,NA,.521,12.7,77.8,.217,NA,FedEx Forum,"523,297","15,857"
10,19,Portland Trail Blazers*,27.5,35,39,34,40,-1.15,0.54,-0.61,113.7,114.8,-1.1,100.7,.242,.374,.570,NA,.533,11.2,22.4,.194,NA,.530,11.2,75.3,.208,NA,Moda Center,"628,303","19,634"
10,20,New Orleans Pelicans,25.4,30,42,33,39,-1.29,0.74,-0.55,110.7,111.9,-1.2,103.7,.256,.403,.568,NA,.539,13.9,24.2,.186,NA,.532,12.4,77.8,.212,NA,Smoothie King Center,"528,172","16,505"
10,21,Sacramento Kings,27.0,31,41,31,41,-2.04,0.46,-1.59,110.2,112.2,-2.0,98.9,.230,.395,.566,NA,.534,13.0,21.9,.177,NA,.543,13.6,78.4,.225,NA,Golden 1 Center,"520,663","16,796"
10,22,Chicago Bulls,24.4,22,43,26,39,-3.08,-0.93,-4.00,106.7,109.8,-3.1,99.7,.231,.396,.547,NA,.515,13.7,22.8,.175,NA,.546,16.3,75.6,.239,NA,United Center,"639,352","18,804"
10,23,Detroit Pistons,25.9,20,46,26,40,-3.56,-0.82,-4.38,109.0,112.7,-3.7,97.6,.261,.381,.561,NA,.529,13.8,22.6,.194,NA,.541,12.7,75.9,.186,NA,Little Caesars Arena,"509,469","15,294"
10,24,Minnesota Timberwolves,24.8,19,45,24,40,-4.30,0.28,-4.02,108.1,112.2,-4.1,103.4,.277,.433,.551,NA,.514,13.0,22.1,.209,NA,.541,13.2,77.2,.218,NA,Target Center,"482,112","15,066"
10,25,Washington Wizards,25.1,25,47,26,46,-4.67,-0.57,-5.24,110.9,115.5,-4.6,102.7,.270,.358,.562,NA,.523,12.2,22.2,.213,NA,.558,13.9,75.3,.231,NA,Capital One Arena,"532,702","16,647"
10,26,New York Knicks,24.5,21,45,20,46,-6.45,-0.26,-6.72,106.5,113.0,-6.5,98.6,.263,.318,.531,NA,.501,12.6,25.8,.182,NA,.541,12.4,78.3,.224,NA,Madison Square Garden (IV),"620,789","18,812"
10,27,Charlotte Hornets,24.3,23,42,19,46,-6.75,-0.28,-7.03,106.3,113.3,-7.0,95.8,.252,.399,.539,NA,.504,13.3,23.9,.188,NA,.546,13.1,74.4,.159,NA,Spectrum Center,"478,591","15,428"
10,28,Atlanta Hawks,24.1,20,47,18,49,-7.97,0.27,-7.71,107.2,114.8,-7.6,103.0,.258,.398,.554,NA,.515,13.8,21.6,.204,NA,.543,12.7,74.9,.233,NA,State Farm Arena,"545,453","16,043"
10,29,Cleveland Cavaliers,25.0,19,46,18,47,-7.89,0.12,-7.77,107.5,115.4,-7.9,98.7,.227,.362,.553,NA,.522,14.6,24.6,.172,NA,.560,11.7,77.4,.164,NA,Rocket Mortgage Fieldhouse,"643,008","17,861"
10,30,Golden State Warriors,24.4,15,50,16,49,-8.71,0.59,-8.12,105.2,113.8,-8.6,100.3,.264,.355,.540,NA,.497,13.2,21.5,.212,NA,.553,13.7,76.4,.193,NA,Chase Center,"614,176","18,064"
10,,League Average,26.2,,,35,35,0.00,0.00,0.00,110.6,110.6,,100.3,.260,.384,.565,NA,.529,12.8,22.5,.201,NA,.529,12.8,77.5,.201,NA,,"575,820","17,788"
11,Rk,Team,Age,W,L,PW,PL,MOV,SOS,SRS,ORtg,DRtg,NRtg,Pace,FTr,3PAr,TS%,NA,eFG%,TOV%,ORB%,FT/FGA,NA,eFG%,TOV%,DRB%,FT/FGA,NA,Arena,Attend.,Attend./G
11,1,Utah Jazz*,28.5,52,20,55,17,9.25,-0.29,8.97,117.6,108.3,+9.3,98.5,.244,.488,.597,NA,.563,12.7,24.5,.195,NA,.507,10.3,79.3,.159,NA,Vivint Smart Home Arena,"151,300","4,203"
11,2,Los Angeles Clippers*,28.8,47,25,49,23,6.18,-0.16,6.02,117.6,111.2,+6.4,96.9,.222,.400,.599,NA,.564,12.2,22.7,.186,NA,.531,11.9,79.1,.186,NA,STAPLES Center,"13,901",386
11,3,Phoenix Suns*,26.6,51,21,49,23,5.82,-0.15,5.67,117.2,111.3,+5.9,97.2,.212,.392,.597,NA,.564,11.5,20.8,.177,NA,.534,12.4,78.5,.194,NA,Phoenix Suns Arena,"104,027","2,890"
11,4,Milwaukee Bucks*,28.1,46,26,48,24,5.89,-0.32,5.57,117.2,111.4,+5.8,102.2,.233,.404,.593,NA,.566,12.0,23.3,.177,NA,.536,11.5,79.7,.157,NA,Fiserv Forum,"64,780","1,799"
11,5,Philadelphia 76ers*,27.1,49,23,48,24,5.58,-0.31,5.28,113.2,107.6,+5.6,99.5,.293,.347,.579,NA,.541,12.8,23.2,.225,NA,.521,13.8,78.2,.200,NA,Wells Fargo Center,"68,583","1,905"
11,6,Denver Nuggets*,26.1,47,25,47,25,4.93,-0.11,4.82,117.1,112.1,+5.0,97.1,.219,.383,.588,NA,.557,12.1,24.7,.176,NA,.545,12.9,78.9,.200,NA,Ball Arena,"54,563","1,516"
11,7,Brooklyn Nets*,28.2,48,24,46,26,4.50,-0.27,4.24,118.3,113.8,+4.5,99.5,.258,.413,.610,NA,.575,12.2,21.4,.208,NA,.531,11.1,77.3,.187,NA,Barclays Center,"30,491",847
11,8,Los Angeles Lakers*,28.2,42,30,42,30,2.79,-0.03,2.77,109.9,107.1,+2.8,98.7,.271,.363,.569,NA,.536,13.6,22.5,.200,NA,.526,13.7,79.7,.184,NA,STAPLES Center,"23,313",648
11,9,Dallas Mavericks*,26.3,42,30,41,31,2.26,-0.01,2.26,115.4,113.0,+2.4,97.3,.242,.436,.582,NA,.550,11.1,21.1,.189,NA,.534,11.5,77.8,.197,NA,American Airlines Center,"94,849","2,635"
11,10,New York Knicks*,25.6,41,31,41,31,2.31,-0.18,2.13,110.6,108.2,+2.4,95.9,.242,.347,.559,NA,.524,11.9,21.9,.190,NA,.509,11.7,78.6,.196,NA,Madison Square Garden (IV),"42,131","1,170"
11,11,Atlanta Hawks*,25.4,41,31,41,31,2.32,-0.18,2.14,115.7,113.3,+2.4,97.6,.278,.382,.581,NA,.539,11.9,24.4,.226,NA,.530,11.1,77.8,.190,NA,State Farm Arena,"59,288","1,647"
11,12,Portland Trail Blazers*,27.4,42,30,40,32,1.79,0.01,1.81,117.8,116.0,+1.8,98.4,.238,.448,.577,NA,.540,9.9,23.0,.195,NA,.546,11.2,77.5,.203,NA,Moda Center,"5,817",162
11,13,Boston Celtics*,25.1,36,36,39,33,1.46,-0.14,1.32,114.0,112.5,+1.5,98.3,.234,.409,.574,NA,.543,12.5,24.3,.181,NA,.539,12.8,78.1,.215,NA,TD Garden,"30,067",835
11,14,Golden State Warriors,26.7,39,33,38,34,1.06,0.04,1.10,111.1,110.1,+1.0,102.2,.239,.439,.583,NA,.551,13.3,17.9,.188,NA,.522,13.1,76.6,.223,NA,Chase Center,"33,457",929
11,15,Memphis Grizzlies*,24.2,38,34,38,34,1.03,0.04,1.07,112.0,111.0,+1.0,100.4,.232,.342,.560,NA,.528,11.6,24.2,.179,NA,.535,13.1,78.3,.196,NA,FedEx Forum,"61,449","1,707"
11,16,Miami Heat*,27.4,40,32,36,36,0.03,-0.09,-0.06,111.2,111.2,0.0,96.6,.252,.432,.581,NA,.546,13.1,19.4,.199,NA,.542,13.8,77.9,.183,NA,AmericanAirlines Arena,,
11,17,Indiana Pacers,26.5,34,38,36,36,-0.04,-0.08,-0.13,112.4,112.4,0.0,101.6,.227,.372,.575,NA,.542,11.9,20.2,.180,NA,.531,12.7,74.9,.201,NA,Bankers Life Fieldhouse,,
11,18,New Orleans Pelicans,24.8,31,41,35,37,-0.29,0.10,-0.20,113.5,113.8,-0.3,100.1,.293,.342,.570,NA,.537,12.7,26.3,.214,NA,.550,11.9,80.0,.186,NA,Smoothie King Center,"93,120","2,587"
11,19,Toronto Raptors,26.6,27,45,35,37,-0.47,-0.07,-0.54,112.0,112.5,-0.5,99.2,.241,.444,.567,NA,.529,11.9,20.8,.196,NA,.543,14.4,76.3,.234,NA,Amalie Arena,"26,024",723
11,20,Chicago Bulls,25.6,31,41,34,38,-0.89,-0.05,-0.94,111.1,112.0,-0.9,99.0,.197,.383,.575,NA,.547,13.6,22.3,.156,NA,.538,11.6,80.3,.196,NA,United Center,"13,655",379
11,21,San Antonio Spurs,26.2,33,39,32,40,-1.74,0.15,-1.58,111.0,112.8,-1.8,98.9,.243,.314,.554,NA,.517,10.2,20.0,.192,NA,.541,11.8,77.3,.174,NA,AT&T Center,"61,053","1,696"
11,22,Washington Wizards*,26.6,34,38,32,40,-1.83,-0.01,-1.85,111.2,113.0,-1.8,104.1,.288,.319,.569,NA,.531,12.3,21.3,.221,NA,.539,12.5,77.6,.217,NA,Capital One Arena,"19,198",533
11,23,Charlotte Hornets,24.6,33,39,32,40,-1.93,-0.01,-1.94,110.9,112.8,-1.9,98.3,.238,.422,.564,NA,.532,13.3,23.5,.181,NA,.550,13.2,75.7,.163,NA,Spectrum Center,"68,255","1,896"
11,24,Sacramento Kings,25.6,31,41,28,44,-3.68,0.23,-3.45,113.6,117.2,-3.6,100.0,.248,.376,.578,NA,.549,12.0,21.3,.185,NA,.557,12.1,75.0,.199,NA,Golden 1 Center,,
11,25,Detroit Pistons,24.5,20,52,26,46,-4.47,0.09,-4.38,108.0,112.5,-4.5,97.9,.273,.385,.556,NA,.519,13.5,21.9,.207,NA,.541,12.6,76.9,.195,NA,Little Caesars Arena,"14,250",396
11,26,Minnesota Timberwolves,23.2,23,49,24,48,-5.56,0.31,-5.25,109.5,115.0,-5.5,101.6,.254,.413,.555,NA,.520,12.4,22.7,.193,NA,.556,13.3,76.8,.207,NA,Target Center,"15,774",438
11,27,Houston Rockets,26.5,17,55,20,52,-7.90,0.40,-7.50,107.1,114.9,-7.8,101.4,.252,.459,.553,NA,.521,13.0,19.8,.187,NA,.555,12.9,77.1,.201,NA,Toyota Center,"117,009","3,250"
11,28,Cleveland Cavaliers,24.0,22,50,18,54,-8.44,0.25,-8.19,105.8,114.4,-8.6,97.3,.261,.347,.543,NA,.508,13.9,23.6,.194,NA,.556,13.0,76.6,.183,NA,Rocket Mortgage Fieldhouse,"91,476","2,541"
11,29,Orlando Magic,25.6,21,51,17,55,-9.31,0.29,-9.02,105.1,114.5,-9.4,98.7,.240,.356,.527,NA,.490,11.5,21.6,.186,NA,.547,11.5,78.2,.169,NA,Amway Center,"126,463","3,513"
11,30,Oklahoma City Thunder,22.8,22,50,15,57,-10.64,0.51,-10.13,103.5,114.0,-10.5,101.0,.242,.399,.539,NA,.509,14.2,21.2,.176,NA,.547,11.5,77.9,.167,NA,Chesapeake Energy Arena,,
11,,League Average,26.3,,,36,36,0.00,0.00,0.00,112.3,112.3,,99.2,.247,.392,.572,NA,.538,12.4,22.2,.192,NA,.538,12.4,77.8,.192,NA,,"49,476","1,374"
12,Rk,Team,Age,W,L,PW,PL,MOV,SOS,SRS,ORtg,DRtg,NRtg,Pace,FTr,3PAr,TS%,NA,eFG%,TOV%,ORB%,FT/FGA,NA,eFG%,TOV%,DRB%,FT/FGA,NA,Arena,Attend.,Attend./G
12,1,Boston Celtics*,26.1,51,31,59,23,7.28,-0.26,7.02,114.4,106.9,+7.5,96.6,.239,.425,.578,NA,.542,12.4,24.0,.195,NA,.502,12.5,77.3,.183,NA,TD Garden,"785,396","19,156"
12,2,Phoenix Suns*,27.5,64,18,59,23,7.50,-0.56,6.94,114.8,107.3,+7.5,99.8,.221,.354,.581,NA,.549,11.6,22.3,.176,NA,.510,13.0,77.1,.195,NA,Phoenix Suns Arena,"663,171","16,175"
12,3,Utah Jazz*,29.3,49,33,56,26,6.04,-0.37,5.67,116.7,110.5,+6.2,97.1,.271,.468,.589,NA,.555,12.7,25.4,.208,NA,.521,10.9,78.3,.164,NA,Vivint Smart Home Arena,"750,546","18,306"
12,4,Memphis Grizzlies*,24.0,56,26,55,27,5.68,-0.32,5.37,114.6,109.0,+5.6,100.3,.245,.346,.553,NA,.522,11.2,30.0,.180,NA,.523,13.3,77.8,.195,NA,FedEx Forum,"646,785","15,775"
12,5,Golden State Warriors*,27.6,53,29,55,27,5.54,-0.02,5.52,112.5,106.9,+5.6,98.4,.235,.456,.582,NA,.552,13.5,22.8,.181,NA,.509,13.0,78.7,.201,NA,Chase Center,"740,624","18,064"
12,6,Miami Heat*,28.2,53,29,53,29,4.45,-0.22,4.23,113.7,109.1,+4.6,95.9,.252,.422,.584,NA,.547,13.4,23.5,.204,NA,.524,13.8,78.0,.209,NA,FTX Arena,"804,761","19,628"
12,7,Dallas Mavericks*,26.7,52,30,50,32,3.30,-0.18,3.12,112.8,109.4,+3.4,95.4,.249,.439,.572,NA,.538,11.7,21.3,.192,NA,.521,12.2,78.0,.185,NA,American Airlines Center,"808,037","19,708"
12,8,Milwaukee Bucks*,28.5,51,31,49,33,3.35,-0.14,3.22,115.1,111.8,+3.3,99.9,.257,.430,.580,NA,.546,11.9,23.0,.199,NA,.536,11.6,78.6,.165,NA,Fiserv Forum,"715,581","17,453"
12,9,Philadelphia 76ers*,26.8,51,31,48,34,2.61,-0.04,2.57,113.5,110.8,+2.7,96.2,.282,.376,.578,NA,.534,11.6,20.1,.232,NA,.524,12.1,76.8,.192,NA,Wells Fargo Center,"846,867","20,655"
12,10,Minnesota Timberwolves*,24.2,46,36,48,34,2.63,-0.10,2.53,114.3,111.7,+2.6,100.9,.254,.454,.573,NA,.539,12.4,24.4,.198,NA,.535,14.2,74.9,.227,NA,Target Center,"657,148","16,028"
12,11,Denver Nuggets*,27.7,48,34,47,35,2.30,-0.15,2.16,114.5,112.1,+2.4,97.8,.244,.416,.590,NA,.556,13.2,21.9,.194,NA,.537,11.7,78.3,.188,NA,Ball Arena,"695,262","16,958"
12,12,Toronto Raptors*,24.8,48,34,47,35,2.29,0.08,2.38,112.9,110.5,+2.4,96.0,.234,.375,.543,NA,.510,11.0,28.4,.177,NA,.535,14.4,75.6,.199,NA,Scotiabank Arena,"547,343","13,350"
12,13,Cleveland Cavaliers,24.7,44,38,47,35,2.12,-0.08,2.04,111.9,109.7,+2.2,96.1,.261,.387,.571,NA,.538,13.2,24.0,.198,NA,.520,12.3,76.5,.172,NA,Rocket Mortgage Fieldhouse,"758,228","18,493"
12,14,Atlanta Hawks*,26.1,43,39,45,37,1.56,-0.01,1.55,116.5,114.9,+1.6,97.7,.253,.390,.581,NA,.543,10.8,23.0,.205,NA,.543,11.5,76.9,.177,NA,State Farm Arena,"672,742","16,408"
12,15,Brooklyn Nets*,29.1,44,38,43,39,0.78,0.04,0.82,113.6,112.8,+0.8,99.0,.246,.359,.576,NA,.540,12.5,23.9,.198,NA,.521,11.7,75.1,.201,NA,Barclays Center,"711,539","17,355"
12,16,Charlotte Hornets,25.5,43,39,42,40,0.44,0.09,0.53,114.1,113.7,+0.4,100.0,.234,.418,.572,NA,.544,11.6,23.3,.173,NA,.544,13.1,74.8,.187,NA,Spectrum Center,"700,755","17,092"
12,17,San Antonio Spurs,24.5,34,48,41,41,0.12,-0.10,0.02,112.4,112.3,+0.1,100.0,.220,.345,.556,NA,.527,11.1,23.7,.166,NA,.532,12.1,75.1,.176,NA,AT&T Center,"615,588","15,014"
12,18,Los Angeles Clippers,27.5,42,40,41,41,0.02,0.06,0.09,110.1,110.1,0.0,98.0,.224,.391,.564,NA,.531,12.5,20.6,.178,NA,.514,12.0,74.4,.167,NA,Crypto.com Arena,"694,005","16,927"
12,19,New York Knicks,26.0,37,45,41,41,-0.12,0.11,-0.01,110.4,110.5,-0.1,95.9,.280,.428,.550,NA,.513,12.0,25.1,.208,NA,.521,11.7,78.8,.198,NA,Madison Square Garden (IV),"763,484","18,622"
12,20,Chicago Bulls*,26.3,46,36,40,42,-0.39,0.02,-0.38,113.2,113.6,-0.4,98.3,.248,.332,.579,NA,.541,11.8,20.4,.201,NA,.541,11.9,78.3,.199,NA,United Center,"856,148","20,882"
12,21,New Orleans Pelicans*,25.6,36,46,38,44,-0.99,0.15,-0.84,112.0,113.0,-1.0,97.2,.264,.365,.557,NA,.517,12.5,26.9,.208,NA,.547,13.0,78.2,.196,NA,Smoothie King Center,"635,941","15,511"
12,22,Los Angeles Lakers,30.2,33,49,33,49,-3.05,-0.03,-3.08,110.3,113.3,-3.0,100.1,.259,.388,.567,NA,.537,12.8,21.1,.190,NA,.540,12.2,75.8,.192,NA,Crypto.com Arena,"764,631","18,650"
12,23,Washington Wizards,25.9,35,47,32,50,-3.38,0.15,-3.23,111.1,114.5,-3.4,97.0,.252,.356,.568,NA,.532,12.1,20.9,.197,NA,.529,10.7,76.9,.202,NA,Capital One Arena,"637,215","15,542"
12,24,Indiana Pacers,26.0,25,57,32,50,-3.48,0.22,-3.26,112.6,116.1,-3.5,98.0,.239,.395,.564,NA,.531,12.7,25.5,.184,NA,.552,11.9,76.2,.204,NA,Gainbridge Fieldhouse,"588,743","14,360"
12,25,Sacramento Kings,25.8,30,52,28,54,-5.46,0.20,-5.26,109.9,115.3,-5.4,99.8,.264,.377,.561,NA,.525,12.5,21.3,.203,NA,.551,11.9,76.0,.176,NA,Golden 1 Center,"577,583","14,087"
12,26,Detroit Pistons,23.6,23,59,22,60,-7.72,0.37,-7.36,106.0,113.8,-7.8,98.4,.249,.391,.533,NA,.494,12.6,23.4,.194,NA,.541,13.1,75.6,.226,NA,Little Caesars Arena,"663,556","16,184"
12,27,Orlando Magic,23.3,22,60,21,61,-8.00,0.33,-7.67,104.5,112.5,-8.0,99.2,.223,.417,.538,NA,.503,13.0,19.8,.175,NA,.532,11.7,77.2,.196,NA,Amway Center,"622,881","15,192"
12,28,Oklahoma City Thunder,22.4,24,58,21,61,-8.10,0.20,-7.90,104.6,112.8,-8.2,98.5,.223,.419,.530,NA,.497,12.5,21.8,.169,NA,.533,11.8,76.1,.169,NA,Paycom Center,"595,112","14,515"
12,29,Houston Rockets,24.1,20,62,21,61,-8.48,0.22,-8.26,108.4,116.7,-8.3,100.9,.284,.448,.565,NA,.534,14.5,21.7,.202,NA,.554,12.3,74.4,.206,NA,Toyota Center,"638,977","15,585"
12,30,Portland Trail Blazers,25.6,27,55,20,62,-8.88,0.33,-8.55,107.8,116.9,-9.1,98.3,.248,.422,.550,NA,.515,13.0,22.9,.188,NA,.559,12.7,76.9,.222,NA,Moda Center,"705,608","17,210"
12,,League Average,26.3,,,41,41,0.00,0.00,0.00,112.0,112.0,,98.2,.248,.399,.566,NA,.532,12.3,23.2,.192,NA,.532,12.3,76.8,.192,NA,,"695,475","16,963"
13,Rk,Team,Age,W,L,PW,PL,MOV,SOS,SRS,ORtg,DRtg,NRtg,Pace,FTr,3PAr,TS%,NA,eFG%,TOV%,ORB%,FT/FGA,NA,eFG%,TOV%,DRB%,FT/FGA,NA,Arena,Attend.,Attend./G
13,1,Boston Celtics*,27.4,57,25,57,25,6.52,-0.15,6.38,118.0,111.5,+6.5,98.5,.243,.480,.600,NA,.566,12.0,22.1,.197,NA,.528,11.3,78.5,.180,NA,TD Garden,"766,240","18,689"
13,2,Cleveland Cavaliers*,25.4,51,31,55,27,5.38,-0.15,5.23,116.1,110.6,+5.5,95.7,.264,.371,.590,NA,.556,12.3,23.6,.206,NA,.535,14.4,76.3,.210,NA,Rocket Mortgage Fieldhouse,"777,280","18,958"
13,3,Philadelphia 76ers*,28.2,54,28,52,30,4.32,0.06,4.37,117.7,113.3,+4.4,96.9,.300,.389,.608,NA,.563,12.6,21.6,.250,NA,.541,13.0,77.2,.217,NA,Wells Fargo Center,"839,261","20,470"
13,4,Memphis Grizzlies*,24.4,51,31,51,31,3.94,-0.34,3.60,115.1,111.2,+3.9,101.1,.259,.372,.570,NA,.540,11.7,26.5,.190,NA,.526,13.1,75.9,.206,NA,FedEx Forum,"707,836","17,264"
13,5,Milwaukee Bucks*,29.8,58,24,50,32,3.63,-0.02,3.61,115.4,111.9,+3.5,100.5,.248,.446,.583,NA,.555,12.7,25.0,.184,NA,.520,10.4,77.8,.175,NA,Fiserv Forum,"718,786","17,531"
13,6,Denver Nuggets*,26.6,53,29,49,33,3.33,-0.29,3.04,117.6,114.2,+3.4,98.1,.259,.361,.601,NA,.573,13.1,24.8,.194,NA,.543,12.2,76.4,.201,NA,Ball Arena,"788,635","19,235"
13,7,New York Knicks*,24.5,47,35,48,34,2.93,0.06,2.99,117.8,114.8,+3.0,97.1,.285,.400,.577,NA,.541,11.4,28.3,.217,NA,.536,11.4,77.1,.210,NA,Madison Square Garden (IV),"795,110","19,393"
13,8,Sacramento Kings*,25.4,48,34,47,35,2.65,-0.35,2.30,119.4,116.8,+2.6,100.3,.284,.423,.608,NA,.572,12.0,22.7,.225,NA,.563,12.6,77.2,.203,NA,Golden 1 Center,"715,491","17,451"
13,9,Phoenix Suns*,28.1,45,37,46,36,2.07,0.01,2.08,115.1,113.0,+2.1,98.2,.241,.362,.570,NA,.535,12.0,26.6,.191,NA,.532,12.9,76.0,.234,NA,Footprint Center,"699,911","17,071"
13,10,New Orleans Pelicans*,25.9,42,40,46,36,1.89,-0.26,1.63,114.4,112.5,+1.9,99.1,.279,.344,.582,NA,.543,12.9,24.7,.221,NA,.543,13.4,77.4,.212,NA,Smoothie King Center,"687,691","16,773"
13,11,Golden State Warriors*,27.3,44,38,45,37,1.80,-0.15,1.66,116.1,114.4,+1.7,101.6,.224,.479,.600,NA,.571,14.1,24.4,.178,NA,.540,12.3,76.0,.214,NA,Chase Center,"740,624","18,064"
13,12,Toronto Raptors*,25.8,41,41,45,37,1.48,0.12,1.59,115.5,114.0,+1.5,97.1,.257,.351,.555,NA,.517,10.3,27.8,.201,NA,.565,15.3,76.7,.223,NA,Scotiabank Arena,"811,261","19,787"
13,13,Chicago Bulls*,27.5,40,42,44,38,1.29,0.07,1.37,113.5,112.2,+1.3,98.5,.251,.333,.587,NA,.550,12.2,20.1,.203,NA,.544,13.5,77.8,.197,NA,United Center,"841,632","20,528"
13,14,Oklahoma City Thunder*,22.8,40,42,44,38,1.09,-0.12,0.96,115.2,114.2,+1.0,101.1,.256,.369,.570,NA,.531,11.2,24.7,.207,NA,.547,14.4,72.9,.222,NA,Paycom Center,"636,903","15,534"
13,15,Brooklyn Nets*,28.0,45,37,43,39,0.85,0.18,1.03,115.0,114.1,+0.9,98.3,.260,.397,.598,NA,.562,12.7,19.6,.208,NA,.530,12.2,73.7,.212,NA,Barclays Center,"724,439","17,669"
13,16,Los Angeles Lakers*,27.9,43,39,42,40,0.57,-0.15,0.43,114.5,113.9,+0.6,101.3,.299,.351,.582,NA,.542,12.3,22.8,.232,NA,.535,10.9,76.3,.171,NA,Crypto.com Arena,"763,168","18,614"
13,17,Los Angeles Clippers*,29.7,44,38,42,40,0.50,-0.19,0.31,115.0,114.5,+0.5,98.0,.278,.387,.588,NA,.551,12.8,22.9,.217,NA,.543,11.7,76.6,.195,NA,Crypto.com Arena,"720,543","17,574"
13,18,Atlanta Hawks*,24.9,41,41,42,40,0.29,0.02,0.32,116.6,116.3,+0.3,100.7,.244,.331,.579,NA,.541,11.2,25.1,.200,NA,.552,12.4,75.8,.206,NA,State Farm Arena,"719,787","17,556"
13,19,Dallas Mavericks,27.8,38,44,41,41,0.07,-0.22,-0.14,116.8,116.7,+0.1,96.6,.298,.487,.599,NA,.565,11.4,18.0,.225,NA,.549,11.9,75.5,.226,NA,American Airlines Center,"827,282","20,178"
13,20,Minnesota Timberwolves*,25.8,42,40,41,41,-0.04,-0.18,-0.22,113.7,113.8,-0.1,101.0,.271,.381,.592,NA,.560,13.6,21.5,.205,NA,.540,13.3,74.3,.225,NA,Target Center,"687,510","16,769"
13,21,Miami Heat*,27.7,44,38,40,42,-0.32,0.18,-0.13,113.0,113.3,-0.3,96.3,.270,.408,.574,NA,.530,12.4,22.8,.224,NA,.561,14.5,77.7,.198,NA,Kaseya Center,"807,190","19,688"
13,22,Utah Jazz,26.5,37,45,39,43,-0.94,-0.09,-1.03,115.8,116.7,-0.9,100.5,.265,.421,.584,NA,.547,13.3,26.8,.209,NA,.541,10.9,75.2,.205,NA,Vivint Arena,"728,240","17,762"
13,23,Washington Wizards,26.2,35,47,38,44,-1.21,0.15,-1.06,114.4,115.6,-1.2,98.6,.258,.365,.585,NA,.550,12.7,22.6,.202,NA,.540,11.0,76.1,.194,NA,Capital One Arena,"710,481","17,329"
13,24,Orlando Magic,23.1,34,48,35,47,-2.56,0.17,-2.39,111.6,114.2,-2.6,99.3,.290,.361,.573,NA,.532,13.4,23.8,.227,NA,.550,13.1,77.7,.211,NA,Amway Center,"728,405","17,766"
13,25,Indiana Pacers,24.5,35,47,33,49,-3.18,0.28,-2.91,114.6,117.7,-3.1,101.1,.265,.413,.581,NA,.545,13.0,23.4,.209,NA,.554,13.0,72.2,.229,NA,Gainbridge Fieldhouse,"641,562","15,648"
13,26,Portland Trail Blazers,25.1,33,49,31,51,-4.01,0.05,-3.96,114.8,118.8,-4.0,98.6,.289,.413,.589,NA,.549,13.1,22.4,.230,NA,.563,12.1,74.9,.217,NA,Moda Center,"767,374","18,716"
13,27,Charlotte Hornets,25.3,27,55,26,56,-6.24,0.35,-5.89,109.2,115.3,-6.1,100.8,.261,.360,.550,NA,.516,12.3,23.8,.195,NA,.544,12.5,75.5,.211,NA,Spectrum Center,"702,052","17,123"
13,28,Houston Rockets,22.1,22,60,23,59,-7.85,0.24,-7.62,111.4,119.3,-7.9,99.0,.285,.359,.554,NA,.516,14.0,30.2,.215,NA,.564,11.8,75.8,.218,NA,Toyota Center,"668,865","16,314"
13,29,Detroit Pistons,24.1,17,65,22,60,-8.22,0.49,-7.73,110.7,118.9,-8.2,99.0,.295,.372,.561,NA,.520,13.3,24.9,.227,NA,.557,11.9,74.0,.231,NA,Little Caesars Arena,"759,715","18,596"
13,30,San Antonio Spurs,23.9,22,60,19,63,-10.04,0.22,-9.82,110.2,120.0,-9.8,101.6,.229,.348,.554,NA,.525,13.0,25.6,.170,NA,.576,12.0,74.9,.201,NA,AT&T Center,"694,434","15,508"
13,,League Average,26.3,,,41,41,0.00,0.00,0.00,114.8,114.8,,99.1,.266,.387,.581,NA,.545,12.5,24.0,.208,NA,.545,12.5,76.0,.208,NA,,"739,257","17,993"
14,Rk,Team,Age,W,L,PW,PL,MOV,SOS,SRS,ORtg,DRtg,NRtg,Pace,FTr,3PAr,TS%,NA,eFG%,TOV%,ORB%,FT/FGA,NA,eFG%,TOV%,DRB%,FT/FGA,NA,Arena,Attend.,Attend./G
14,1,Boston Celtics,28.4,43,12,43,12,10.11,-0.06,10.05,121.7,111.5,+10.2,98.2,.240,.473,.604,NA,.571,11.2,24.6,.194,NA,.520,10.4,76.6,.155,NA,TD Garden,"555,524","19,156"
14,2,Minnesota Timberwolves,27.2,39,16,39,16,7.25,-0.02,7.24,116.2,108.8,+7.4,97.5,.282,.379,.601,NA,.565,13.5,23.4,.221,NA,.512,12.6,77.4,.201,NA,Target Center,"414,552","17,273"
14,3,Oklahoma City Thunder,23.2,37,17,38,16,7.19,0.07,7.26,120.4,113.2,+7.2,99.6,.248,.382,.612,NA,.575,11.2,20.8,.207,NA,.529,13.5,72.2,.211,NA,Paycom Center,"465,224","17,231"
14,4,Cleveland Cavaliers,26.3,36,17,36,17,5.68,-0.70,4.98,116.8,111.0,+5.8,98.0,.233,.418,.588,NA,.558,12.1,25.1,.180,NA,.523,12.5,77.0,.199,NA,Rocket Mortgage Fieldhouse,"540,551","19,432"
14,5,Los Angeles Clippers,30.7,36,17,35,18,5.57,-0.07,5.50,120.6,114.9,+5.7,97.9,.268,.382,.607,NA,.569,11.7,24.8,.218,NA,.537,12.0,74.6,.192,NA,Crypto.com Arena,"486,232","18,701"
14,6,New York Knicks,26.2,33,22,35,20,4.55,-0.43,4.12,118.7,114.0,+4.7,96.4,.259,.395,.576,NA,.540,11.7,29.5,.204,NA,.547,12.0,77.0,.177,NA,Madison Square Garden (IV),"532,026","19,705"
14,7,Philadelphia 76ers,28.2,32,22,34,20,4.39,-0.91,3.48,119.3,114.9,+4.4,98.8,.296,.352,.584,NA,.538,10.6,25.4,.245,NA,.539,12.8,73.8,.220,NA,Wells Fargo Center,"559,844","19,994"
14,8,New Orleans Pelicans,25.9,33,22,34,21,4.24,-0.11,4.13,117.9,113.6,+4.3,98.6,.276,.365,.591,NA,.558,11.8,25.4,.211,NA,.541,12.7,76.8,.196,NA,Smoothie King Center,"441,989","17,000"
14,9,Phoenix Suns,29.1,33,22,33,22,3.25,-1.17,2.09,118.5,115.2,+3.3,98.7,.294,.367,.608,NA,.568,13.4,24.6,.238,NA,.538,11.5,74.6,.185,NA,Footprint Center,"495,059","17,071"
14,10,Denver Nuggets,27.0,36,19,33,22,3.13,0.32,3.45,117.9,114.7,+3.2,96.7,.233,.351,.582,NA,.554,11.4,26.1,.176,NA,.534,11.2,75.7,.204,NA,Ball Arena,"511,587","19,676"
14,11,Milwaukee Bucks,29.9,35,21,33,23,3.18,-0.79,2.39,119.8,116.6,+3.2,101.3,.287,.425,.607,NA,.573,11.4,21.8,.220,NA,.540,10.5,76.5,.198,NA,Fiserv Forum,"528,885","17,657"
14,12,Golden State Warriors,28.4,27,26,29,24,1.55,0.80,2.35,118.7,117.2,+1.5,99.7,.240,.433,.589,NA,.557,12.4,27.8,.189,NA,.543,11.2,76.0,.216,NA,Chase Center,"505,792","18,064"
14,13,Dallas Mavericks,26.4,32,23,30,25,1.42,0.10,1.51,118.2,116.8,+1.4,100.4,.262,.449,.593,NA,.562,11.1,22.5,.198,NA,.552,12.0,73.8,.188,NA,American Airlines Center,"605,530","20,184"
14,14,Indiana Pacers,25.3,31,25,30,26,1.43,-0.36,1.07,120.9,119.5,+1.4,102.3,.230,.388,.609,NA,.582,11.7,23.8,.178,NA,.564,12.3,73.7,.235,NA,Gainbridge Fieldhouse,"457,983","16,357"
14,15,Orlando Magic,23.9,30,25,29,26,0.87,0.28,1.16,113.4,112.6,+0.8,97.7,.298,.363,.574,NA,.536,13.1,26.0,.225,NA,.546,13.6,77.1,.211,NA,Amway Center,"493,707","18,949"
14,16,Houston Rockets,25.0,24,30,28,26,0.59,0.18,0.77,113.6,113.0,+0.6,98.8,.262,.380,.564,NA,.528,11.4,24.6,.202,NA,.531,12.0,76.9,.223,NA,Toyota Center,"490,230","17,508"
14,17,Sacramento Kings,26.5,31,23,28,26,0.48,0.47,0.96,117.2,116.7,+0.5,100.1,.239,.440,.589,NA,.564,11.8,23.4,.175,NA,.564,12.4,78.5,.216,NA,Golden 1 Center,"429,540","17,898"
14,18,Miami Heat,28.2,30,25,28,27,0.20,-0.33,-0.13,113.9,113.7,+0.2,96.9,.266,.390,.577,NA,.535,11.9,22.3,.219,NA,.552,12.8,78.0,.179,NA,Kaseya Center,"553,050","19,752"
14,19,Los Angeles Lakers,27.9,30,26,28,28,-0.13,0.39,0.27,115.0,115.1,-0.1,101.0,.283,.351,.595,NA,.559,12.3,19.7,.219,NA,.548,11.8,75.9,.162,NA,Crypto.com Arena,"528,486","18,906"
14,20,Chicago Bulls,28.0,26,29,26,29,-1.15,-0.65,-1.79,114.4,115.6,-1.2,96.2,.237,.366,.568,NA,.533,11.2,24.7,.187,NA,.553,12.9,76.3,.201,NA,United Center,"547,394","20,274"
14,21,Brooklyn Nets,26.4,21,33,23,31,-2.28,0.50,-1.78,115.3,117.6,-2.3,97.8,.231,.414,.567,NA,.537,11.2,25.4,.175,NA,.547,11.1,75.8,.203,NA,Barclays Center,"527,283","17,576"
14,22,Atlanta Hawks,26.1,24,31,24,31,-2.56,-0.02,-2.58,118.8,121.3,-2.5,101.4,.269,.408,.580,NA,.539,11.4,28.0,.218,NA,.578,12.3,74.0,.196,NA,State Farm Arena,"473,042","16,894"
14,23,Utah Jazz,25.8,26,30,24,32,-2.68,0.39,-2.29,116.9,119.6,-2.7,100.0,.255,.409,.584,NA,.544,13.5,29.3,.210,NA,.562,10.8,75.6,.185,NA,Delta Center,"473,356","17,532"
14,24,Toronto Raptors,26.3,19,36,21,34,-3.89,0.05,-3.84,114.3,118.2,-3.9,98.9,.248,.364,.571,NA,.541,11.9,25.4,.186,NA,.562,12.0,75.2,.174,NA,Scotiabank Arena,"529,061","19,595"
14,25,Memphis Grizzlies,24.8,20,36,18,38,-5.93,0.86,-5.07,108.0,114.0,-6.0,98.7,.235,.445,.551,NA,.519,13.1,21.7,.179,NA,.548,13.4,75.2,.202,NA,FedEx Forum,"447,863","16,588"
14,26,San Antonio Spurs,23.2,11,44,14,41,-8.62,0.41,-8.21,109.7,118.2,-8.5,101.5,.221,.400,.559,NA,.527,12.9,22.5,.173,NA,.565,11.9,75.2,.187,NA,Frost Bank Center,"472,009","18,154"
14,27,Washington Wizards,25.2,9,45,14,40,-9.09,0.00,-9.09,111.3,120.1,-8.8,103.1,.229,.380,.571,NA,.541,12.1,20.1,.176,NA,.563,12.2,71.3,.202,NA,Capital One Arena,"433,658","16,679"
14,28,Portland Trail Blazers,24.5,15,39,13,41,-8.83,0.73,-8.11,109.1,118.0,-8.9,97.7,.248,.374,.545,NA,.506,13.1,26.1,.197,NA,.560,13.0,73.1,.217,NA,Moda Center,"477,210","18,354"
14,29,Detroit Pistons,24.0,8,46,14,40,-9.13,0.13,-9.00,111.7,120.7,-9.0,100.5,.247,.347,.568,NA,.534,13.5,25.5,.192,NA,.560,10.6,77.3,.244,NA,Little Caesars Arena,"471,579","17,466"
14,30,Charlotte Hornets,25.2,13,41,11,43,-10.74,-0.06,-10.80,110.1,121.0,-10.9,98.3,.214,.373,.560,NA,.528,12.4,22.5,.169,NA,.579,12.1,75.8,.205,NA,Spectrum Center,"467,773","16,130"
14,,League Average,26.6,,,27,27,0.00,0.00,0.00,115.9,115.9,,99.1,.254,.392,.583,NA,.548,12.1,24.4,.199,NA,.548,12.1,75.6,.199,NA,,"497,201","18,193"
